model,fold,subject_id,stratum_type,stratum,target,metric,value,seed_sd,n_windows,source
training_mean,1,User01,overall,all,temperature,mae,2.734975170432229,,289437,p3_frozen
training_mean,1,User01,overall,all,temperature,rmse,3.180678089712951,,289437,p3_frozen
training_mean,1,User01,overall,all,temperature,bias,2.6371483450922977,,289437,p3_frozen
training_mean,1,User01,overall,all,humidity,mae,23.057883807414225,,289437,p3_frozen
training_mean,1,User01,overall,all,humidity,rmse,24.666100333488156,,289437,p3_frozen
training_mean,1,User01,overall,all,humidity,bias,22.23234574387157,,289437,p3_frozen
training_mean,1,User01,sensor_phase,s1,temperature,mae,2.058886919829247,,151883,p3_frozen
training_mean,1,User01,sensor_phase,s1,temperature,rmse,2.4592326465535237,,151883,p3_frozen
training_mean,1,User01,sensor_phase,s1,temperature,bias,1.9028239061923415,,151883,p3_frozen
training_mean,1,User01,sensor_phase,s1,humidity,mae,24.22547659792293,,151883,p3_frozen
training_mean,1,User01,sensor_phase,s1,humidity,rmse,25.709954889355192,,151883,p3_frozen
training_mean,1,User01,sensor_phase,s1,humidity,bias,22.66066974923578,,151883,p3_frozen
training_mean,1,User01,sensor_phase,s2,temperature,mae,3.48149153321581,,137554,p3_frozen
training_mean,1,User01,sensor_phase,s2,temperature,rmse,3.8222319471948056,,137554,p3_frozen
training_mean,1,User01,sensor_phase,s2,temperature,bias,3.4479673598315426,,137554,p3_frozen
training_mean,1,User01,sensor_phase,s2,humidity,mae,21.76866287744611,,137554,p3_frozen
training_mean,1,User01,sensor_phase,s2,humidity,rmse,23.459612590764003,,137554,p3_frozen
training_mean,1,User01,sensor_phase,s2,humidity,bias,21.759403227429058,,137554,p3_frozen
training_mean,2,User02,overall,all,temperature,mae,4.591746941300422,,143999,p3_frozen
training_mean,2,User02,overall,all,temperature,rmse,4.9857234906260235,,143999,p3_frozen
training_mean,2,User02,overall,all,temperature,bias,-4.591746941300422,,143999,p3_frozen
training_mean,2,User02,overall,all,humidity,mae,27.62948740904652,,143999,p3_frozen
training_mean,2,User02,overall,all,humidity,rmse,31.081750244801675,,143999,p3_frozen
training_mean,2,User02,overall,all,humidity,bias,-27.494997552304806,,143999,p3_frozen
training_mean,2,User02,device,22480,temperature,mae,3.1971641017687715,,57491,p3_frozen
training_mean,2,User02,device,22480,temperature,rmse,3.282375359763148,,57491,p3_frozen
training_mean,2,User02,device,22480,temperature,bias,-3.1971641017687715,,57491,p3_frozen
training_mean,2,User02,device,22480,humidity,mae,20.179243128869008,,57491,p3_frozen
training_mean,2,User02,device,22480,humidity,rmse,21.394651047772456,,57491,p3_frozen
training_mean,2,User02,device,22480,humidity,bias,-20.11726112683956,,57491,p3_frozen
training_mean,2,User02,device,22482,temperature,mae,5.5185509597439655,,86508,p3_frozen
training_mean,2,User02,device,22482,temperature,rmse,5.849524697059093,,86508,p3_frozen
training_mean,2,User02,device,22482,temperature,bias,-5.5185509597439655,,86508,p3_frozen
training_mean,2,User02,device,22482,humidity,mae,32.58072884234386,,86508,p3_frozen
training_mean,2,User02,device,22482,humidity,rmse,36.10966164114224,,86508,p3_frozen
training_mean,2,User02,device,22482,humidity,bias,-32.398052123401385,,86508,p3_frozen
training_mean,2,User02,channel_quality_phase,normal,temperature,mae,4.278396666518834,,107837,p3_frozen
training_mean,2,User02,channel_quality_phase,normal,temperature,rmse,4.71755083804751,,107837,p3_frozen
training_mean,2,User02,channel_quality_phase,normal,temperature,bias,-4.278396666518834,,107837,p3_frozen
training_mean,2,User02,channel_quality_phase,normal,humidity,mae,27.07144446961907,,107837,p3_frozen
training_mean,2,User02,channel_quality_phase,normal,humidity,rmse,30.07843899871046,,107837,p3_frozen
training_mean,2,User02,channel_quality_phase,normal,humidity,bias,-27.03840008523639,,107837,p3_frozen
training_mean,2,User02,channel_quality_phase,p1_response_shift,temperature,mae,5.431611747466985,,33677,p3_frozen
training_mean,2,User02,channel_quality_phase,p1_response_shift,temperature,rmse,5.606768573421953,,33677,p3_frozen
training_mean,2,User02,channel_quality_phase,p1_response_shift,temperature,bias,-5.431611747466985,,33677,p3_frozen
training_mean,2,User02,channel_quality_phase,p1_response_shift,humidity,mae,28.671368148203296,,33677,p3_frozen
training_mean,2,User02,channel_quality_phase,p1_response_shift,humidity,rmse,33.534375726822105,,33677,p3_frozen
training_mean,2,User02,channel_quality_phase,p1_response_shift,humidity,bias,-28.202116207642227,,33677,p3_frozen
training_mean,2,User02,channel_quality_phase,p1_transition,temperature,mae,6.807693220717213,,2485,p3_frozen
training_mean,2,User02,channel_quality_phase,p1_transition,temperature,rmse,6.9732978118672335,,2485,p3_frozen
training_mean,2,User02,channel_quality_phase,p1_transition,temperature,bias,-6.807693220717213,,2485,p3_frozen
training_mean,2,User02,channel_quality_phase,p1_transition,humidity,mae,37.72617103337485,,2485,p3_frozen
training_mean,2,User02,channel_quality_phase,p1_transition,humidity,rmse,38.486269136043816,,2485,p3_frozen
training_mean,2,User02,channel_quality_phase,p1_transition,humidity,bias,-37.72617103337485,,2485,p3_frozen
training_mean,2,User02,device_x_channel_quality_phase,22482/normal,temperature,mae,5.513075516478031,,50346,p3_frozen
training_mean,2,User02,device_x_channel_quality_phase,22482/normal,temperature,rmse,5.946930790397609,,50346,p3_frozen
training_mean,2,User02,device_x_channel_quality_phase,22482/normal,temperature,bias,-5.513075516478031,,50346,p3_frozen
training_mean,2,User02,device_x_channel_quality_phase,22482/normal,humidity,mae,34.94177274358446,,50346,p3_frozen
training_mean,2,User02,device_x_channel_quality_phase,22482/normal,humidity,rmse,37.6181946102663,,50346,p3_frozen
training_mean,2,User02,device_x_channel_quality_phase,22482/normal,humidity,bias,-34.94177274358446,,50346,p3_frozen
training_mean,2,User02,device_x_channel_quality_phase,22482/p1_response_shift,temperature,mae,5.431611747466985,,33677,p3_frozen
training_mean,2,User02,device_x_channel_quality_phase,22482/p1_response_shift,temperature,rmse,5.606768573421953,,33677,p3_frozen
training_mean,2,User02,device_x_channel_quality_phase,22482/p1_response_shift,temperature,bias,-5.431611747466985,,33677,p3_frozen
training_mean,2,User02,device_x_channel_quality_phase,22482/p1_response_shift,humidity,mae,28.671368148203296,,33677,p3_frozen
training_mean,2,User02,device_x_channel_quality_phase,22482/p1_response_shift,humidity,rmse,33.534375726822105,,33677,p3_frozen
training_mean,2,User02,device_x_channel_quality_phase,22482/p1_response_shift,humidity,bias,-28.202116207642227,,33677,p3_frozen
training_mean,2,User02,device_x_channel_quality_phase,22482/p1_transition,temperature,mae,6.807693220717213,,2485,p3_frozen
training_mean,2,User02,device_x_channel_quality_phase,22482/p1_transition,temperature,rmse,6.9732978118672335,,2485,p3_frozen
training_mean,2,User02,device_x_channel_quality_phase,22482/p1_transition,temperature,bias,-6.807693220717213,,2485,p3_frozen
training_mean,2,User02,device_x_channel_quality_phase,22482/p1_transition,humidity,mae,37.72617103337485,,2485,p3_frozen
training_mean,2,User02,device_x_channel_quality_phase,22482/p1_transition,humidity,rmse,38.486269136043816,,2485,p3_frozen
training_mean,2,User02,device_x_channel_quality_phase,22482/p1_transition,humidity,bias,-37.72617103337485,,2485,p3_frozen
training_mean,3,User07,overall,all,temperature,mae,1.8151603533251963,,140971,p3_frozen
training_mean,3,User07,overall,all,temperature,rmse,2.168557676765581,,140971,p3_frozen
training_mean,3,User07,overall,all,temperature,bias,1.0977480763235399,,140971,p3_frozen
training_mean,3,User07,overall,all,humidity,mae,7.993739161152008,,140971,p3_frozen
training_mean,3,User07,overall,all,humidity,rmse,9.611831804132422,,140971,p3_frozen
training_mean,3,User07,overall,all,humidity,bias,-2.1218525911060846,,140971,p3_frozen
RAW,1,User01,overall,all,temperature,mae,3.124593550627388,0.26485592857287377,289437,p3_frozen
RAW,1,User01,overall,all,temperature,rmse,3.7927588303872057,0.31802753034778,289437,p3_frozen
RAW,1,User01,overall,all,temperature,bias,1.8576050353324327,0.22356593504485767,289437,p3_frozen
RAW,1,User01,overall,all,humidity,mae,20.284759363758678,1.2696236254812967,289437,p3_frozen
RAW,1,User01,overall,all,humidity,rmse,23.2435337416165,1.4000517576608629,289437,p3_frozen
RAW,1,User01,overall,all,humidity,bias,19.043324219034286,1.3934293927767374,289437,p3_frozen
RAW,1,User01,sensor_phase,s1,temperature,mae,3.476551651298305,0.4260214829452533,151883,p3_frozen
RAW,1,User01,sensor_phase,s1,temperature,rmse,4.2083768591521,0.48575891138529737,151883,p3_frozen
RAW,1,User01,sensor_phase,s1,temperature,bias,1.3956333225546615,0.3952865108721958,151883,p3_frozen
RAW,1,User01,sensor_phase,s1,humidity,mae,22.070438537858063,1.3696728539906653,151883,p3_frozen
RAW,1,User01,sensor_phase,s1,humidity,rmse,24.599813503623384,1.3691796054005596,151883,p3_frozen
RAW,1,User01,sensor_phase,s1,humidity,bias,19.925818934757018,1.5701916376520975,151883,p3_frozen
RAW,1,User01,sensor_phase,s2,temperature,mae,2.7359719750701466,0.20902406142356017,137554,p3_frozen
RAW,1,User01,sensor_phase,s2,temperature,rmse,3.262667166849211,0.2336098489007882,137554,p3_frozen
RAW,1,User01,sensor_phase,s2,temperature,bias,2.3677003408257384,0.27800020286664023,137554,p3_frozen
RAW,1,User01,sensor_phase,s2,humidity,mae,18.313065992430058,1.2601484101760332,137554,p3_frozen
RAW,1,User01,sensor_phase,s2,humidity,rmse,21.643266165610097,1.5258467123601607,137554,p3_frozen
RAW,1,User01,sensor_phase,s2,humidity,bias,18.068900029929527,1.3093712075721193,137554,p3_frozen
RAW,2,User02,overall,all,temperature,mae,4.822480770951146,0.0634241231848851,143999,p3_frozen
RAW,2,User02,overall,all,temperature,rmse,5.257520338077413,0.056124467485345,143999,p3_frozen
RAW,2,User02,overall,all,temperature,bias,-4.822480770951146,0.0634241231848851,143999,p3_frozen
RAW,2,User02,overall,all,humidity,mae,24.5912486415201,0.5205087384349458,143999,p3_frozen
RAW,2,User02,overall,all,humidity,rmse,28.98116119922736,0.4980100054911378,143999,p3_frozen
RAW,2,User02,overall,all,humidity,bias,-24.173201855971215,0.5747502727989501,143999,p3_frozen
RAW,2,User02,device,22480,temperature,mae,3.2389454587993334,0.07798764909849049,57491,p3_frozen
RAW,2,User02,device,22480,temperature,rmse,3.3486277670900653,0.07517566182219093,57491,p3_frozen
RAW,2,User02,device,22480,temperature,bias,-3.2389454587993334,0.07798764909849049,57491,p3_frozen
RAW,2,User02,device,22480,humidity,mae,15.045428413199625,0.5012745255550568,57491,p3_frozen
RAW,2,User02,device,22480,humidity,rmse,16.82707822807868,0.4889511707577263,57491,p3_frozen
RAW,2,User02,device,22480,humidity,bias,-14.72261462844368,0.5312526011592313,57491,p3_frozen
RAW,2,User02,device,22482,temperature,mae,5.874857760719952,0.05792063178877698,86508,p3_frozen
RAW,2,User02,device,22482,temperature,rmse,6.209535331313188,0.05410583537048633,86508,p3_frozen
RAW,2,User02,device,22482,temperature,bias,-5.874857760719952,0.05792063178877698,86508,p3_frozen
RAW,2,User02,device,22482,humidity,mae,30.93515615003228,0.5418931849955724,86508,p3_frozen
RAW,2,User02,device,22482,humidity,rmse,34.78349186978222,0.536979879598077,86508,p3_frozen
RAW,2,User02,device,22482,humidity,bias,-30.453819952537838,0.610733794104795,86508,p3_frozen
RAW,2,User02,channel_quality_phase,normal,temperature,mae,4.51026251961674,0.0569640404304177,107837,p3_frozen
RAW,2,User02,channel_quality_phase,normal,temperature,rmse,5.007049051558119,0.04778187602441227,107837,p3_frozen
RAW,2,User02,channel_quality_phase,normal,temperature,bias,-4.51026251961674,0.0569640404304177,107837,p3_frozen
RAW,2,User02,channel_quality_phase,normal,humidity,mae,23.763561160880837,0.5201577044450192,107837,p3_frozen
RAW,2,User02,channel_quality_phase,normal,humidity,rmse,27.9564757511052,0.4791434647576341,107837,p3_frozen
RAW,2,User02,channel_quality_phase,normal,humidity,bias,-23.57515264049297,0.538782139761126,107837,p3_frozen
RAW,2,User02,channel_quality_phase,p1_response_shift,temperature,mae,5.652581907026824,0.08543317453785923,33677,p3_frozen
RAW,2,User02,channel_quality_phase,p1_response_shift,temperature,rmse,5.830149153874825,0.08469383319797798,33677,p3_frozen
RAW,2,User02,channel_quality_phase,p1_response_shift,temperature,bias,-5.652581907026824,0.08543317453785923,33677,p3_frozen
RAW,2,User02,channel_quality_phase,p1_response_shift,humidity,mae,26.399526243018716,0.523176529894342,33677,p3_frozen
RAW,2,User02,channel_quality_phase,p1_response_shift,humidity,rmse,31.435021881001944,0.5597060427087914,33677,p3_frozen
RAW,2,User02,channel_quality_phase,p1_response_shift,humidity,bias,-25.215308246784275,0.695823826245284,33677,p3_frozen
RAW,2,User02,channel_quality_phase,p1_transition,temperature,mae,7.121621056475458,0.06122471130953476,2485,p3_frozen
RAW,2,User02,channel_quality_phase,p1_transition,temperature,rmse,7.290689256666433,0.059199614831046146,2485,p3_frozen
RAW,2,User02,channel_quality_phase,p1_transition,temperature,bias,-7.121621056475458,0.06122471130953476,2485,p3_frozen
RAW,2,User02,channel_quality_phase,p1_transition,humidity,mae,36.00290661497166,0.5052260318737901,2485,p3_frozen
RAW,2,User02,channel_quality_phase,p1_transition,humidity,rmse,36.912383863149664,0.49678149475097333,2485,p3_frozen
RAW,2,User02,channel_quality_phase,p1_transition,humidity,bias,-36.00290661497166,0.5052260318737901,2485,p3_frozen
RAW,2,User02,device_x_channel_quality_phase,22482/normal,temperature,mae,5.962002263458426,0.04961006424144373,50346,p3_frozen
RAW,2,User02,device_x_channel_quality_phase,22482/normal,temperature,rmse,6.394679088079678,0.045816227530709686,50346,p3_frozen
RAW,2,User02,device_x_channel_quality_phase,22482/normal,temperature,bias,-5.962002263458426,0.04961006424144373,50346,p3_frozen
RAW,2,User02,device_x_channel_quality_phase,22482/normal,humidity,mae,33.71895324360718,0.562279333760559,50346,p3_frozen
RAW,2,User02,device_x_channel_quality_phase,22482/normal,humidity,rmse,36.751428275597185,0.5348834418559058,50346,p3_frozen
RAW,2,User02,device_x_channel_quality_phase,22482/normal,humidity,bias,-33.684024504210555,0.5666712990630268,50346,p3_frozen
RAW,2,User02,device_x_channel_quality_phase,22482/p1_response_shift,temperature,mae,5.652581907026824,0.08543317453785923,33677,p3_frozen
RAW,2,User02,device_x_channel_quality_phase,22482/p1_response_shift,temperature,rmse,5.830149153874825,0.08469383319797798,33677,p3_frozen
RAW,2,User02,device_x_channel_quality_phase,22482/p1_response_shift,temperature,bias,-5.652581907026824,0.08543317453785923,33677,p3_frozen
RAW,2,User02,device_x_channel_quality_phase,22482/p1_response_shift,humidity,mae,26.399526243018716,0.523176529894342,33677,p3_frozen
RAW,2,User02,device_x_channel_quality_phase,22482/p1_response_shift,humidity,rmse,31.435021881001944,0.5597060427087914,33677,p3_frozen
RAW,2,User02,device_x_channel_quality_phase,22482/p1_response_shift,humidity,bias,-25.215308246784275,0.695823826245284,33677,p3_frozen
RAW,2,User02,device_x_channel_quality_phase,22482/p1_transition,temperature,mae,7.121621056475458,0.06122471130953476,2485,p3_frozen
RAW,2,User02,device_x_channel_quality_phase,22482/p1_transition,temperature,rmse,7.290689256666433,0.059199614831046146,2485,p3_frozen
RAW,2,User02,device_x_channel_quality_phase,22482/p1_transition,temperature,bias,-7.121621056475458,0.06122471130953476,2485,p3_frozen
RAW,2,User02,device_x_channel_quality_phase,22482/p1_transition,humidity,mae,36.00290661497166,0.5052260318737901,2485,p3_frozen
RAW,2,User02,device_x_channel_quality_phase,22482/p1_transition,humidity,rmse,36.912383863149664,0.49678149475097333,2485,p3_frozen
RAW,2,User02,device_x_channel_quality_phase,22482/p1_transition,humidity,bias,-36.00290661497166,0.5052260318737901,2485,p3_frozen
RAW,3,User07,overall,all,temperature,mae,2.0448796874662722,0.19356916088524484,140971,p3_frozen
RAW,3,User07,overall,all,temperature,rmse,2.5326394035573347,0.22686624622743845,140971,p3_frozen
RAW,3,User07,overall,all,temperature,bias,1.4001643610424885,0.3961102017378169,140971,p3_frozen
RAW,3,User07,overall,all,humidity,mae,9.97176817441161,0.2943618296395546,140971,p3_frozen
RAW,3,User07,overall,all,humidity,rmse,12.294490000368206,0.36466512567285086,140971,p3_frozen
RAW,3,User07,overall,all,humidity,bias,3.0947903500613134,1.8206469385190327,140971,p3_frozen
MOVEMENT,1,User01,overall,all,temperature,mae,2.749070033165026,0.13784733749907863,289437,p4
MOVEMENT,1,User01,overall,all,temperature,rmse,3.2358119350247407,0.1533913688691024,289437,p4
MOVEMENT,1,User01,overall,all,temperature,bias,2.466718226934032,0.16163711293833796,289437,p4
MOVEMENT,1,User01,overall,all,humidity,mae,22.432556768010727,0.7428390477522625,289437,p4
MOVEMENT,1,User01,overall,all,humidity,rmse,24.61853752838029,0.8732486225392303,289437,p4
MOVEMENT,1,User01,overall,all,humidity,bias,21.83388907668004,0.8368111867375321,289437,p4
MOVEMENT,1,User01,sensor_phase,s1,temperature,mae,2.366670798192829,0.18642225013701724,151883,p4
MOVEMENT,1,User01,sensor_phase,s1,temperature,rmse,2.8466185849222114,0.22214770281046722,151883,p4
MOVEMENT,1,User01,sensor_phase,s1,temperature,bias,2.0103202483058005,0.20738431810406865,151883,p4
MOVEMENT,1,User01,sensor_phase,s1,humidity,mae,24.79393675570107,0.9801021149565712,151883,p4
MOVEMENT,1,User01,sensor_phase,s1,humidity,rmse,26.728517390405074,1.1453450353158021,151883,p4
MOVEMENT,1,User01,sensor_phase,s1,humidity,bias,23.740166983443633,1.1612552321496363,151883,p4
MOVEMENT,1,User01,sensor_phase,s2,temperature,mae,3.171303795943878,0.10538255062814733,137554,p4
MOVEMENT,1,User01,sensor_phase,s2,temperature,rmse,3.615608110697014,0.11206858581849242,137554,p4
MOVEMENT,1,User01,sensor_phase,s2,temperature,bias,2.970659182398735,0.12718900078783432,137554,p4
MOVEMENT,1,User01,sensor_phase,s2,humidity,mae,19.825191830092727,0.5315309407220236,137554,p4
MOVEMENT,1,User01,sensor_phase,s2,humidity,rmse,22.05310271408864,0.5611877368389303,137554,p4
MOVEMENT,1,User01,sensor_phase,s2,humidity,bias,19.7290342028634,0.5398858674554313,137554,p4
MOVEMENT,2,User02,overall,all,temperature,mae,4.73429524650023,0.06889230602117045,143999,p4
MOVEMENT,2,User02,overall,all,temperature,rmse,5.117041621019181,0.06419486597004381,143999,p4
MOVEMENT,2,User02,overall,all,temperature,bias,-4.734201371285028,0.06893494030024573,143999,p4
MOVEMENT,2,User02,overall,all,humidity,mae,26.672913470564936,0.07897116529265978,143999,p4
MOVEMENT,2,User02,overall,all,humidity,rmse,30.21722143780087,0.07502452785852988,143999,p4
MOVEMENT,2,User02,overall,all,humidity,bias,-26.493132243283537,0.08376517397510312,143999,p4
MOVEMENT,2,User02,device,22480,temperature,mae,3.388709213299334,0.06020459953588512,57491,p4
MOVEMENT,2,User02,device,22480,temperature,rmse,3.47286528826292,0.057727002245970174,57491,p4
MOVEMENT,2,User02,device,22480,temperature,bias,-3.388709213299334,0.06020459953588512,57491,p4
MOVEMENT,2,User02,device,22480,humidity,mae,19.18171031919973,0.07408889629776037,57491,p4
MOVEMENT,2,User02,device,22480,humidity,rmse,20.448480309193123,0.07165551844964042,57491,p4
MOVEMENT,2,User02,device,22480,humidity,bias,-19.093633504568476,0.07583483162903694,57491,p4
MOVEMENT,2,User02,device,22482,temperature,mae,5.628537243017924,0.07468027454457345,86508,p4
MOVEMENT,2,User02,device,22482,temperature,rmse,5.964059286572815,0.0693482785630177,86508,p4
MOVEMENT,2,User02,device,22482,temperature,bias,-5.628380980740286,0.07475111522401875,86508,p4
MOVEMENT,2,User02,device,22482,humidity,mae,31.651375120067147,0.08633084879785552,86508,p4
MOVEMENT,2,User02,device,22482,humidity,rmse,35.242083549766754,0.08228224907825478,86508,p4
MOVEMENT,2,User02,device,22482,humidity,bias,-31.410649490098482,0.09329582912254487,86508,p4
MOVEMENT,2,User02,channel_quality_phase,normal,temperature,mae,4.432116296660073,0.06766707849988403,107837,p4
MOVEMENT,2,User02,channel_quality_phase,normal,temperature,rmse,4.8559833090452615,0.06250118308571524,107837,p4
MOVEMENT,2,User02,channel_quality_phase,normal,temperature,bias,-4.431990941382072,0.06772410505645507,107837,p4
MOVEMENT,2,User02,channel_quality_phase,normal,humidity,mae,26.075184439649803,0.0779435779112438,107837,p4
MOVEMENT,2,User02,channel_quality_phase,normal,humidity,rmse,29.194733909028457,0.07258418111593934,107837,p4
MOVEMENT,2,User02,channel_quality_phase,normal,humidity,bias,-26.028228161656482,0.07879325329898941,107837,p4
MOVEMENT,2,User02,channel_quality_phase,p1_response_shift,temperature,mae,5.541447068801872,0.07231795899441569,33677,p4
MOVEMENT,2,User02,channel_quality_phase,p1_response_shift,temperature,rmse,5.723117366573788,0.06894027034180925,33677,p4
MOVEMENT,2,User02,channel_quality_phase,p1_response_shift,temperature,bias,-5.541447068801872,0.07231795899441569,33677,p4
MOVEMENT,2,User02,channel_quality_phase,p1_response_shift,humidity,mae,27.84542241211302,0.08313715118585087,33677,p4
MOVEMENT,2,User02,channel_quality_phase,p1_response_shift,humidity,rmse,32.729369841147054,0.0819466557471331,33677,p4
MOVEMENT,2,User02,channel_quality_phase,p1_response_shift,humidity,bias,-27.227056975841098,0.10105041618207668,33677,p4
MOVEMENT,2,User02,channel_quality_phase,p1_transition,temperature,mae,6.908790012802278,0.07642783579014016,2485,p4
MOVEMENT,2,User02,channel_quality_phase,p1_transition,temperature,rmse,7.080116862845718,0.07361930941967441,2485,p4
MOVEMENT,2,User02,channel_quality_phase,p1_transition,temperature,bias,-6.908790012802278,0.07642783579014016,2485,p4
MOVEMENT,2,User02,channel_quality_phase,p1_transition,humidity,mae,36.721493704883166,0.09085132179711396,2485,p4
MOVEMENT,2,User02,channel_quality_phase,p1_transition,humidity,rmse,37.49982679535969,0.08996009549534655,2485,p4
MOVEMENT,2,User02,channel_quality_phase,p1_transition,humidity,bias,-36.721493704883166,0.09085132179711396,2485,p4
MOVEMENT,2,User02,device_x_channel_quality_phase,22482/normal,temperature,mae,5.623601551287893,0.07619511352962287,50346,p4
MOVEMENT,2,User02,device_x_channel_quality_phase,22482/normal,temperature,rmse,6.060943850151889,0.06948475376726722,50346,p4
MOVEMENT,2,User02,device_x_channel_quality_phase,22482/normal,temperature,bias,-5.623333050570582,0.07631710464684188,50346,p4
MOVEMENT,2,User02,device_x_channel_quality_phase,22482/normal,humidity,mae,33.946966123572956,0.0882609962188937,50346,p4
MOVEMENT,2,User02,device_x_channel_quality_phase,22482/normal,humidity,rmse,36.71707194376142,0.0823428349880867,50346,p4
MOVEMENT,2,User02,device_x_channel_quality_phase,22482/normal,humidity,bias,-33.946966123572956,0.0882609962188937,50346,p4
MOVEMENT,2,User02,device_x_channel_quality_phase,22482/p1_response_shift,temperature,mae,5.541447068801872,0.07231795899441569,33677,p4
MOVEMENT,2,User02,device_x_channel_quality_phase,22482/p1_response_shift,temperature,rmse,5.723117366573788,0.06894027034180925,33677,p4
MOVEMENT,2,User02,device_x_channel_quality_phase,22482/p1_response_shift,temperature,bias,-5.541447068801872,0.07231795899441569,33677,p4
MOVEMENT,2,User02,device_x_channel_quality_phase,22482/p1_response_shift,humidity,mae,27.84542241211302,0.08313715118585087,33677,p4
MOVEMENT,2,User02,device_x_channel_quality_phase,22482/p1_response_shift,humidity,rmse,32.729369841147054,0.0819466557471331,33677,p4
MOVEMENT,2,User02,device_x_channel_quality_phase,22482/p1_response_shift,humidity,bias,-27.227056975841098,0.10105041618207668,33677,p4
MOVEMENT,2,User02,device_x_channel_quality_phase,22482/p1_transition,temperature,mae,6.908790012802278,0.07642783579014016,2485,p4
MOVEMENT,2,User02,device_x_channel_quality_phase,22482/p1_transition,temperature,rmse,7.080116862845718,0.07361930941967441,2485,p4
MOVEMENT,2,User02,device_x_channel_quality_phase,22482/p1_transition,temperature,bias,-6.908790012802278,0.07642783579014016,2485,p4
MOVEMENT,2,User02,device_x_channel_quality_phase,22482/p1_transition,humidity,mae,36.721493704883166,0.09085132179711396,2485,p4
MOVEMENT,2,User02,device_x_channel_quality_phase,22482/p1_transition,humidity,rmse,37.49982679535969,0.08996009549534655,2485,p4
MOVEMENT,2,User02,device_x_channel_quality_phase,22482/p1_transition,humidity,bias,-36.721493704883166,0.09085132179711396,2485,p4
MOVEMENT,3,User07,overall,all,temperature,mae,1.7718407046894267,0.10878598734626167,140971,p4
MOVEMENT,3,User07,overall,all,temperature,rmse,2.1287334049494877,0.14393286283250922,140971,p4
MOVEMENT,3,User07,overall,all,temperature,bias,0.7635090861289555,0.2642718880162461,140971,p4
MOVEMENT,3,User07,overall,all,humidity,mae,9.719269088293732,0.17194710935793733,140971,p4
MOVEMENT,3,User07,overall,all,humidity,rmse,12.006564128724401,0.2360342472562023,140971,p4
MOVEMENT,3,User07,overall,all,humidity,bias,-3.686913241721106,1.398256494213188,140971,p4
CONTACT,1,User01,overall,all,temperature,mae,2.937722453208059,0.1660849431483982,289437,p4
CONTACT,1,User01,overall,all,temperature,rmse,3.4780051457410206,0.18573240217028442,289437,p4
CONTACT,1,User01,overall,all,temperature,bias,1.6257865446907467,0.31750702482676707,289437,p4
CONTACT,1,User01,overall,all,humidity,mae,19.46025704692255,0.43382700183539274,289437,p4
CONTACT,1,User01,overall,all,humidity,rmse,22.328634040428863,0.35563262252257166,289437,p4
CONTACT,1,User01,overall,all,humidity,bias,18.03170122057085,0.5146357551830708,289437,p4
CONTACT,1,User01,sensor_phase,s1,temperature,mae,3.0489395682175435,0.2558495039203391,151883,p4
CONTACT,1,User01,sensor_phase,s1,temperature,rmse,3.596428439220684,0.26541571498603683,151883,p4
CONTACT,1,User01,sensor_phase,s1,temperature,bias,0.8115904482744533,0.5560366328991463,151883,p4
CONTACT,1,User01,sensor_phase,s1,humidity,mae,19.947132304323556,0.6290076359798432,151883,p4
CONTACT,1,User01,sensor_phase,s1,humidity,rmse,22.4840583499567,0.528762911264242,151883,p4
CONTACT,1,User01,sensor_phase,s1,humidity,bias,17.378014874944125,0.7542819774742363,151883,p4
CONTACT,1,User01,sensor_phase,s2,temperature,mae,2.8149198514735736,0.06722728213016343,137554,p4
CONTACT,1,User01,sensor_phase,s2,temperature,rmse,3.3410048988460113,0.09240286625880759,137554,p4
CONTACT,1,User01,sensor_phase,s2,temperature,bias,2.524797447405288,0.06123565373449452,137554,p4
CONTACT,1,User01,sensor_phase,s2,humidity,mae,18.922663994595194,0.2289700255907146,137554,p4
CONTACT,1,User01,sensor_phase,s2,humidity,rmse,22.153977597746774,0.2745633678214832,137554,p4
CONTACT,1,User01,sensor_phase,s2,humidity,bias,18.75348207196611,0.2529132056340396,137554,p4
CONTACT,2,User02,overall,all,temperature,mae,4.80720885039305,0.012597300164763924,143999,p4
CONTACT,2,User02,overall,all,temperature,rmse,5.2425859682291645,0.013347263966718138,143999,p4
CONTACT,2,User02,overall,all,temperature,bias,-4.807143427741787,0.012593345475408625,143999,p4
CONTACT,2,User02,overall,all,humidity,mae,24.550381092039483,0.1755053223984453,143999,p4
CONTACT,2,User02,overall,all,humidity,rmse,28.88130182473357,0.16925309537875802,143999,p4
CONTACT,2,User02,overall,all,humidity,bias,-24.14079927836052,0.174538814107639,143999,p4
CONTACT,2,User02,device,22480,temperature,mae,3.275807125644889,0.01729863998110254,57491,p4
CONTACT,2,User02,device,22480,temperature,rmse,3.385349336892244,0.017431806549585968,57491,p4
CONTACT,2,User02,device,22480,temperature,bias,-3.275807125644889,0.01729863998110254,57491,p4
CONTACT,2,User02,device,22480,humidity,mae,15.192209494095037,0.1742987385484546,57491,p4
CONTACT,2,User02,device,22480,humidity,rmse,16.945567119271274,0.15454476413687793,57491,p4
CONTACT,2,User02,device,22480,humidity,bias,-14.86685553799046,0.18628001616939577,57491,p4
CONTACT,2,User02,device,22482,temperature,mae,5.824939193916152,0.01478172379336249,86508,p4
CONTACT,2,User02,device,22482,temperature,rmse,6.17525781927116,0.01640582498050989,86508,p4
CONTACT,2,User02,device,22482,temperature,bias,-5.824830293047339,0.014774726731265122,86508,p4
CONTACT,2,User02,device,22482,humidity,mae,30.76958212937041,0.1809582599453787,86508,p4
CONTACT,2,User02,device,22482,humidity,rmse,34.60686574876783,0.1848362316226527,86508,p4
CONTACT,2,User02,device,22482,humidity,bias,-30.30402463991801,0.17620143894808157,86508,p4
CONTACT,2,User02,channel_quality_phase,normal,temperature,mae,4.50711850095252,0.011917752358170207,107837,p4
CONTACT,2,User02,channel_quality_phase,normal,temperature,rmse,5.001104777075096,0.014041822748692676,107837,p4
CONTACT,2,User02,channel_quality_phase,normal,temperature,bias,-4.5070311395055285,0.011912054577247352,107837,p4
CONTACT,2,User02,channel_quality_phase,normal,humidity,mae,23.78712689153052,0.21312845264712496,107837,p4
CONTACT,2,User02,channel_quality_phase,normal,humidity,rmse,27.911909583271893,0.21283901254246318,107837,p4
CONTACT,2,User02,channel_quality_phase,normal,humidity,bias,-23.59441920416482,0.21986420833928383,107837,p4
CONTACT,2,User02,channel_quality_phase,p1_response_shift,temperature,mae,5.600116703952495,0.023105233850307626,33677,p4
CONTACT,2,User02,channel_quality_phase,p1_response_shift,temperature,rmse,5.7923966174425905,0.024319666597519177,33677,p4
CONTACT,2,User02,channel_quality_phase,p1_response_shift,temperature,bias,-5.600116703952495,0.023105233850307626,33677,p4
CONTACT,2,User02,channel_quality_phase,p1_response_shift,humidity,mae,26.174040307687118,0.15385015263107077,33677,p4
CONTACT,2,User02,channel_quality_phase,p1_response_shift,humidity,rmse,31.211042269133014,0.15260373950860928,33677,p4
CONTACT,2,User02,channel_quality_phase,p1_response_shift,humidity,bias,-25.039783909982418,0.195694631112109,33677,p4
CONTACT,2,User02,channel_quality_phase,p1_transition,temperature,mae,7.084104314496482,0.025731430124357114,2485,p4
CONTACT,2,User02,channel_quality_phase,p1_transition,temperature,rmse,7.252738577441363,0.026034683760426412,2485,p4
CONTACT,2,User02,channel_quality_phase,p1_transition,temperature,bias,-7.084104314496482,0.025731430124357114,2485,p4
CONTACT,2,User02,channel_quality_phase,p1_transition,humidity,mae,35.667915021584456,0.18851281331118108,2485,p4
CONTACT,2,User02,channel_quality_phase,p1_transition,humidity,rmse,36.40761356325353,0.20438705338987928,2485,p4
CONTACT,2,User02,channel_quality_phase,p1_transition,humidity,bias,-35.667915021584456,0.18851281331118108,2485,p4
CONTACT,2,User02,device_x_channel_quality_phase,22482/normal,temperature,mae,5.913175035291117,0.02488154662416597,50346,p4
CONTACT,2,User02,device_x_channel_quality_phase,22482/normal,temperature,rmse,6.362718450459323,0.025249879197460183,50346,p4
CONTACT,2,User02,device_x_channel_quality_phase,22482/normal,temperature,bias,-5.912987914241593,0.024873134500135473,50346,p4
CONTACT,2,User02,device_x_channel_quality_phase,22482/normal,humidity,mae,33.601817156814036,0.25776632501756225,50346,p4
CONTACT,2,User02,device_x_channel_quality_phase,22482/normal,humidity,rmse,36.61705132136913,0.2678241632577761,50346,p4
CONTACT,2,User02,device_x_channel_quality_phase,22482/normal,humidity,bias,-33.56058062179542,0.2587388129179593,50346,p4
CONTACT,2,User02,device_x_channel_quality_phase,22482/p1_response_shift,temperature,mae,5.600116703952495,0.023105233850307626,33677,p4
CONTACT,2,User02,device_x_channel_quality_phase,22482/p1_response_shift,temperature,rmse,5.7923966174425905,0.024319666597519177,33677,p4
CONTACT,2,User02,device_x_channel_quality_phase,22482/p1_response_shift,temperature,bias,-5.600116703952495,0.023105233850307626,33677,p4
CONTACT,2,User02,device_x_channel_quality_phase,22482/p1_response_shift,humidity,mae,26.174040307687118,0.15385015263107077,33677,p4
CONTACT,2,User02,device_x_channel_quality_phase,22482/p1_response_shift,humidity,rmse,31.211042269133014,0.15260373950860928,33677,p4
CONTACT,2,User02,device_x_channel_quality_phase,22482/p1_response_shift,humidity,bias,-25.039783909982418,0.195694631112109,33677,p4
CONTACT,2,User02,device_x_channel_quality_phase,22482/p1_transition,temperature,mae,7.084104314496482,0.025731430124357114,2485,p4
CONTACT,2,User02,device_x_channel_quality_phase,22482/p1_transition,temperature,rmse,7.252738577441363,0.026034683760426412,2485,p4
CONTACT,2,User02,device_x_channel_quality_phase,22482/p1_transition,temperature,bias,-7.084104314496482,0.025731430124357114,2485,p4
CONTACT,2,User02,device_x_channel_quality_phase,22482/p1_transition,humidity,mae,35.667915021584456,0.18851281331118108,2485,p4
CONTACT,2,User02,device_x_channel_quality_phase,22482/p1_transition,humidity,rmse,36.40761356325353,0.20438705338987928,2485,p4
CONTACT,2,User02,device_x_channel_quality_phase,22482/p1_transition,humidity,bias,-35.667915021584456,0.18851281331118108,2485,p4
CONTACT,3,User07,overall,all,temperature,mae,1.9679521083923344,0.023026315254534673,140971,p4
CONTACT,3,User07,overall,all,temperature,rmse,2.4448808082788607,0.027008393005793847,140971,p4
CONTACT,3,User07,overall,all,temperature,bias,1.2322441656620897,0.08763888271251319,140971,p4
CONTACT,3,User07,overall,all,humidity,mae,10.027802874810375,0.38811980637999793,140971,p4
CONTACT,3,User07,overall,all,humidity,rmse,12.364744457089287,0.5302554706875321,140971,p4
CONTACT,3,User07,overall,all,humidity,bias,2.9941709400797616,0.7314013886451532,140971,p4
RAW+MOVEMENT,1,User01,overall,all,temperature,mae,2.6272257955460554,0.12478322980601887,289437,p4
RAW+MOVEMENT,1,User01,overall,all,temperature,rmse,3.1345019804478205,0.14638948950440522,289437,p4
RAW+MOVEMENT,1,User01,overall,all,temperature,bias,1.7515179545606687,0.23009022674277668,289437,p4
RAW+MOVEMENT,1,User01,overall,all,humidity,mae,20.618132003756273,0.6100085600285629,289437,p4
RAW+MOVEMENT,1,User01,overall,all,humidity,rmse,23.23433946035261,0.48858027202258875,289437,p4
RAW+MOVEMENT,1,User01,overall,all,humidity,bias,19.594617691125084,0.6904642707656197,289437,p4
RAW+MOVEMENT,1,User01,sensor_phase,s1,temperature,mae,2.4759538004598394,0.19315122162428994,151883,p4
RAW+MOVEMENT,1,User01,sensor_phase,s1,temperature,rmse,2.98172651323585,0.24816079453487613,151883,p4
RAW+MOVEMENT,1,User01,sensor_phase,s1,temperature,bias,1.105944221350164,0.41861297692820204,151883,p4
RAW+MOVEMENT,1,User01,sensor_phase,s1,humidity,mae,22.153024813416902,1.258363351485214,151883,p4
RAW+MOVEMENT,1,User01,sensor_phase,s1,humidity,rmse,24.21720378323072,1.0385291774275591,151883,p4
RAW+MOVEMENT,1,User01,sensor_phase,s1,humidity,bias,20.359222800458284,1.4076912779629032,151883,p4
RAW+MOVEMENT,1,User01,sensor_phase,s2,temperature,mae,2.7942557941624506,0.04982247167875797,137554,p4
RAW+MOVEMENT,1,User01,sensor_phase,s2,temperature,rmse,3.292422504556128,0.04794693224941898,137554,p4
RAW+MOVEMENT,1,User01,sensor_phase,s2,temperature,bias,2.4643411027149287,0.06912855578314249,137554,p4
RAW+MOVEMENT,1,User01,sensor_phase,s2,humidity,mae,18.923349412121816,0.11670918669939247,137554,p4
RAW+MOVEMENT,1,User01,sensor_phase,s2,humidity,rmse,22.087421041456313,0.1918464014555034,137554,p4
RAW+MOVEMENT,1,User01,sensor_phase,s2,humidity,bias,18.750363668553195,0.11129302623906301,137554,p4
RAW+MOVEMENT,2,User02,overall,all,temperature,mae,4.74994110516338,0.04096036195752737,143999,p4
RAW+MOVEMENT,2,User02,overall,all,temperature,rmse,5.2038077888919565,0.03258151999066011,143999,p4
RAW+MOVEMENT,2,User02,overall,all,temperature,bias,-4.749935736878515,0.04096177324245156,143999,p4
RAW+MOVEMENT,2,User02,overall,all,humidity,mae,24.429338020822268,0.06043274728136114,143999,p4
RAW+MOVEMENT,2,User02,overall,all,humidity,rmse,28.858520152851355,0.12820178118050196,143999,p4
RAW+MOVEMENT,2,User02,overall,all,humidity,bias,-23.969272377979962,0.06756866096002787,143999,p4
RAW+MOVEMENT,2,User02,device,22480,temperature,mae,3.136255124074373,0.055130996497716085,57491,p4
RAW+MOVEMENT,2,User02,device,22480,temperature,rmse,3.2550010794197077,0.05076543719136711,57491,p4
RAW+MOVEMENT,2,User02,device,22480,temperature,bias,-3.136255124074373,0.055130996497716085,57491,p4
RAW+MOVEMENT,2,User02,device,22480,humidity,mae,14.82441275045484,0.21812589339036775,57491,p4
RAW+MOVEMENT,2,User02,device,22480,humidity,rmse,16.643162331584147,0.15523239144828577,57491,p4
RAW+MOVEMENT,2,User02,device,22480,humidity,bias,-14.473196082125668,0.2387472987154592,57491,p4
RAW+MOVEMENT,2,User02,device,22482,temperature,mae,5.822355456885624,0.03253147682429738,86508,p4
RAW+MOVEMENT,2,User02,device,22482,temperature,rmse,6.16719972881161,0.028222139749864907,86508,p4
RAW+MOVEMENT,2,User02,device,22482,temperature,bias,-5.822346520976203,0.03253538765098462,86508,p4
RAW+MOVEMENT,2,User02,device,22482,humidity,mae,30.812525225689956,0.19781900117110524,86508,p4
RAW+MOVEMENT,2,User02,device,22482,humidity,rmse,34.67238384696676,0.21505409795129296,86508,p4
RAW+MOVEMENT,2,User02,device,22482,humidity,bias,-30.280121343682094,0.21708895399941736,86508,p4
RAW+MOVEMENT,2,User02,channel_quality_phase,normal,temperature,mae,4.43417565362432,0.050169291217015924,107837,p4
RAW+MOVEMENT,2,User02,channel_quality_phase,normal,temperature,rmse,4.952033624692149,0.04261340178273161,107837,p4
RAW+MOVEMENT,2,User02,channel_quality_phase,normal,temperature,bias,-4.434168485141773,0.05017150677825294,107837,p4
RAW+MOVEMENT,2,User02,channel_quality_phase,normal,humidity,mae,23.60026961359722,0.1301189839724608,107837,p4
RAW+MOVEMENT,2,User02,channel_quality_phase,normal,humidity,rmse,27.844271322631162,0.08612524145813964,107837,p4
RAW+MOVEMENT,2,User02,channel_quality_phase,normal,humidity,bias,-23.394294341778664,0.140472442483684,107837,p4
RAW+MOVEMENT,2,User02,channel_quality_phase,p1_response_shift,temperature,mae,5.589472784043601,0.015075056336765636,33677,p4
RAW+MOVEMENT,2,User02,channel_quality_phase,p1_response_shift,temperature,rmse,5.77842333579904,0.011912735459410177,33677,p4
RAW+MOVEMENT,2,User02,channel_quality_phase,p1_response_shift,temperature,bias,-5.589472784043601,0.015075056336765636,33677,p4
RAW+MOVEMENT,2,User02,channel_quality_phase,p1_response_shift,humidity,mae,26.240924859677744,0.425544542773658,33677,p4
RAW+MOVEMENT,2,User02,channel_quality_phase,p1_response_shift,humidity,rmse,31.280346875013326,0.4467900581548972,33677,p4
RAW+MOVEMENT,2,User02,channel_quality_phase,p1_response_shift,humidity,bias,-24.933289467078897,0.46759622716394805,33677,p4
RAW+MOVEMENT,2,User02,channel_quality_phase,p1_transition,temperature,mae,7.0752089715490465,0.026102042731558542,2485,p4
RAW+MOVEMENT,2,User02,channel_quality_phase,p1_transition,temperature,rmse,7.246074432063807,0.021293893141345225,2485,p4
RAW+MOVEMENT,2,User02,channel_quality_phase,p1_transition,temperature,bias,-7.0752089715490465,0.026102042731558542,2485,p4
RAW+MOVEMENT,2,User02,channel_quality_phase,p1_transition,humidity,mae,35.85607438210676,0.2401085736816077,2485,p4
RAW+MOVEMENT,2,User02,channel_quality_phase,p1_transition,humidity,rmse,36.78658533009498,0.29159245313512755,2485,p4
RAW+MOVEMENT,2,User02,channel_quality_phase,p1_transition,humidity,bias,-35.85607438210676,0.2401085736816077,2485,p4
RAW+MOVEMENT,2,User02,device_x_channel_quality_phase,22482/normal,temperature,mae,5.91629437535705,0.0476042140247116,50346,p4
RAW+MOVEMENT,2,User02,device_x_channel_quality_phase,22482/normal,temperature,rmse,6.358163579042594,0.04252973224202633,50346,p4
RAW+MOVEMENT,2,User02,device_x_channel_quality_phase,22482/normal,temperature,bias,-5.916279021055768,0.04761288269499914,50346,p4
RAW+MOVEMENT,2,User02,device_x_channel_quality_phase,22482/normal,humidity,mae,33.621577898643075,0.12998345689448085,50346,p4
RAW+MOVEMENT,2,User02,device_x_channel_quality_phase,22482/normal,humidity,rmse,36.66485956225831,0.13008917617581264,50346,p4
RAW+MOVEMENT,2,User02,device_x_channel_quality_phase,22482/normal,humidity,bias,-33.58145638137884,0.1333477831542651,50346,p4
RAW+MOVEMENT,2,User02,device_x_channel_quality_phase,22482/p1_response_shift,temperature,mae,5.589472784043601,0.015075056336765636,33677,p4
RAW+MOVEMENT,2,User02,device_x_channel_quality_phase,22482/p1_response_shift,temperature,rmse,5.77842333579904,0.011912735459410177,33677,p4
RAW+MOVEMENT,2,User02,device_x_channel_quality_phase,22482/p1_response_shift,temperature,bias,-5.589472784043601,0.015075056336765636,33677,p4
RAW+MOVEMENT,2,User02,device_x_channel_quality_phase,22482/p1_response_shift,humidity,mae,26.240924859677744,0.425544542773658,33677,p4
RAW+MOVEMENT,2,User02,device_x_channel_quality_phase,22482/p1_response_shift,humidity,rmse,31.280346875013326,0.4467900581548972,33677,p4
RAW+MOVEMENT,2,User02,device_x_channel_quality_phase,22482/p1_response_shift,humidity,bias,-24.933289467078897,0.46759622716394805,33677,p4
RAW+MOVEMENT,2,User02,device_x_channel_quality_phase,22482/p1_transition,temperature,mae,7.0752089715490465,0.026102042731558542,2485,p4
RAW+MOVEMENT,2,User02,device_x_channel_quality_phase,22482/p1_transition,temperature,rmse,7.246074432063807,0.021293893141345225,2485,p4
RAW+MOVEMENT,2,User02,device_x_channel_quality_phase,22482/p1_transition,temperature,bias,-7.0752089715490465,0.026102042731558542,2485,p4
RAW+MOVEMENT,2,User02,device_x_channel_quality_phase,22482/p1_transition,humidity,mae,35.85607438210676,0.2401085736816077,2485,p4
RAW+MOVEMENT,2,User02,device_x_channel_quality_phase,22482/p1_transition,humidity,rmse,36.78658533009498,0.29159245313512755,2485,p4
RAW+MOVEMENT,2,User02,device_x_channel_quality_phase,22482/p1_transition,humidity,bias,-35.85607438210676,0.2401085736816077,2485,p4
RAW+MOVEMENT,3,User07,overall,all,temperature,mae,1.9856914230073242,0.1333313795657404,140971,p4
RAW+MOVEMENT,3,User07,overall,all,temperature,rmse,2.457661233730555,0.15664531001083076,140971,p4
RAW+MOVEMENT,3,User07,overall,all,temperature,bias,1.2855449003220885,0.3260976163821239,140971,p4
RAW+MOVEMENT,3,User07,overall,all,humidity,mae,10.07952038941194,0.17514431696067262,140971,p4
RAW+MOVEMENT,3,User07,overall,all,humidity,rmse,12.423925518957363,0.21825683369481233,140971,p4
RAW+MOVEMENT,3,User07,overall,all,humidity,bias,2.9015115846290715,1.620905096531275,140971,p4
RAW+CONTACT,1,User01,overall,all,temperature,mae,3.242961736522344,0.26674679509975274,289437,p4
RAW+CONTACT,1,User01,overall,all,temperature,rmse,3.934128596645582,0.3687643994843948,289437,p4
RAW+CONTACT,1,User01,overall,all,temperature,bias,1.978749818509996,0.7560348465355327,289437,p4
RAW+CONTACT,1,User01,overall,all,humidity,mae,18.991144821774558,0.4879446478422001,289437,p4
RAW+CONTACT,1,User01,overall,all,humidity,rmse,22.1795060418672,0.6000067495379708,289437,p4
RAW+CONTACT,1,User01,overall,all,humidity,bias,17.119264299539875,0.9919918322129138,289437,p4
RAW+CONTACT,1,User01,sensor_phase,s1,temperature,mae,3.7069693190781163,0.4468472596953108,151883,p4
RAW+CONTACT,1,User01,sensor_phase,s1,temperature,rmse,4.458456713330552,0.5727866492396265,151883,p4
RAW+CONTACT,1,User01,sensor_phase,s1,temperature,bias,1.6202425896133466,1.3420688753272356,151883,p4
RAW+CONTACT,1,User01,sensor_phase,s1,humidity,mae,19.04667609146006,0.3929550644396725,151883,p4
RAW+CONTACT,1,User01,sensor_phase,s1,humidity,rmse,22.08703575291605,0.607040784686695,151883,p4
RAW+CONTACT,1,User01,sensor_phase,s1,humidity,bias,15.648646394737646,1.3739941248807461,151883,p4
RAW+CONTACT,1,User01,sensor_phase,s2,temperature,mae,2.7306184846989274,0.07806833035708137,137554,p4
RAW+CONTACT,1,User01,sensor_phase,s2,temperature,rmse,3.2501003658104732,0.08309220282261245,137554,p4
RAW+CONTACT,1,User01,sensor_phase,s2,temperature,bias,2.3746027449716753,0.11083551718415263,137554,p4
RAW+CONTACT,1,User01,sensor_phase,s2,humidity,mae,18.929828859798587,0.6079006532927098,137554,p4
RAW+CONTACT,1,User01,sensor_phase,s2,humidity,rmse,22.277960763053766,0.7514497158507236,137554,p4
RAW+CONTACT,1,User01,sensor_phase,s2,humidity,bias,18.743076469560943,0.631153425605397,137554,p4
RAW+CONTACT,2,User02,overall,all,temperature,mae,4.771659896684327,0.10912453734129027,143999,p4
RAW+CONTACT,2,User02,overall,all,temperature,rmse,5.200504938436617,0.10256490369747663,143999,p4
RAW+CONTACT,2,User02,overall,all,temperature,bias,-4.771636202489831,0.10913521916234226,143999,p4
RAW+CONTACT,2,User02,overall,all,humidity,mae,24.238922344846355,0.5337904293120862,143999,p4
RAW+CONTACT,2,User02,overall,all,humidity,rmse,28.53313332967416,0.45236992903549794,143999,p4
RAW+CONTACT,2,User02,overall,all,humidity,bias,-23.83407670013774,0.6009247700217748,143999,p4
RAW+CONTACT,2,User02,device,22480,temperature,mae,3.2742924380296117,0.1236473860135638,57491,p4
RAW+CONTACT,2,User02,device,22480,temperature,rmse,3.39740419402021,0.11520860447993296,57491,p4
RAW+CONTACT,2,User02,device,22480,temperature,bias,-3.2742924380296117,0.1236473860135638,57491,p4
RAW+CONTACT,2,User02,device,22480,humidity,mae,15.146467615733053,0.6241025041872366,57491,p4
RAW+CONTACT,2,User02,device,22480,humidity,rmse,16.906619507435817,0.5533273934344205,57491,p4
RAW+CONTACT,2,User02,device,22480,humidity,bias,-14.837202819073669,0.6744612620249275,57491,p4
RAW+CONTACT,2,User02,device,22482,temperature,mae,5.76677193910258,0.11672997711596401,86508,p4
RAW+CONTACT,2,User02,device,22482,temperature,rmse,6.1110784324313245,0.11353046581696523,86508,p4
RAW+CONTACT,2,User02,device,22482,temperature,bias,-5.766732498353594,0.11674994436677283,86508,p4
RAW+CONTACT,2,User02,device,22482,humidity,mae,30.2815347602467,0.4751584321082615,86508,p4
RAW+CONTACT,2,User02,device,22482,humidity,rmse,34.13496645160101,0.447957630223507,86508,p4
RAW+CONTACT,2,User02,device,22482,humidity,bias,-29.8131685332197,0.5530099695800049,86508,p4
RAW+CONTACT,2,User02,channel_quality_phase,normal,temperature,mae,4.448851214274813,0.11289131627508983,107837,p4
RAW+CONTACT,2,User02,channel_quality_phase,normal,temperature,rmse,4.9261656107789555,0.10537616883442583,107837,p4
RAW+CONTACT,2,User02,channel_quality_phase,normal,temperature,bias,-4.448819574482226,0.11290493751433134,107837,p4
RAW+CONTACT,2,User02,channel_quality_phase,normal,humidity,mae,23.388603619227542,0.5835280762357163,107837,p4
RAW+CONTACT,2,User02,channel_quality_phase,normal,humidity,rmse,27.464212303855337,0.47514814566404107,107837,p4
RAW+CONTACT,2,User02,channel_quality_phase,normal,humidity,bias,-23.200232848996176,0.6189123603274118,107837,p4
RAW+CONTACT,2,User02,channel_quality_phase,p1_response_shift,temperature,mae,5.638262257567806,0.10159393282497589,33677,p4
RAW+CONTACT,2,User02,channel_quality_phase,p1_response_shift,temperature,rmse,5.840279293492887,0.09770117567387651,33677,p4
RAW+CONTACT,2,User02,channel_quality_phase,p1_response_shift,temperature,bias,-5.638262257567806,0.10159393282497589,33677,p4
RAW+CONTACT,2,User02,channel_quality_phase,p1_response_shift,humidity,mae,26.148018471474558,0.3750493877970762,33677,p4
RAW+CONTACT,2,User02,channel_quality_phase,p1_response_shift,humidity,rmse,31.144802881237894,0.39365629959814086,33677,p4
RAW+CONTACT,2,User02,channel_quality_phase,p1_response_shift,humidity,bias,-25.02012616387721,0.550570189503992,33677,p4
RAW+CONTACT,2,User02,channel_quality_phase,p1_transition,temperature,mae,7.035705038544211,0.11300085232588518,2485,p4
RAW+CONTACT,2,User02,channel_quality_phase,p1_transition,temperature,rmse,7.201896258486838,0.10974911847414909,2485,p4
RAW+CONTACT,2,User02,channel_quality_phase,p1_transition,temperature,bias,-7.035705038544211,0.11300085232588518,2485,p4
RAW+CONTACT,2,User02,channel_quality_phase,p1_transition,humidity,mae,35.26636305233012,0.5501865942940024,2485,p4
RAW+CONTACT,2,User02,channel_quality_phase,p1_transition,humidity,rmse,36.04464799051308,0.5066511175502348,2485,p4
RAW+CONTACT,2,User02,channel_quality_phase,p1_transition,humidity,bias,-35.26636305233012,0.5501865942940024,2485,p4
RAW+CONTACT,2,User02,device_x_channel_quality_phase,22482/normal,temperature,mae,5.7901009382869075,0.12748452058398269,50346,p4
RAW+CONTACT,2,User02,device_x_channel_quality_phase,22482/normal,temperature,rmse,6.2284199619167495,0.12409809428811344,50346,p4
RAW+CONTACT,2,User02,device_x_channel_quality_phase,22482/normal,temperature,bias,-5.790033168447927,0.12751903797044506,50346,p4
RAW+CONTACT,2,User02,device_x_channel_quality_phase,22482/normal,humidity,mae,32.800446486126646,0.542023955665609,50346,p4
RAW+CONTACT,2,User02,device_x_channel_quality_phase,22482/normal,humidity,rmse,35.904678316426214,0.4850399317991477,50346,p4
RAW+CONTACT,2,User02,device_x_channel_quality_phase,22482/normal,humidity,bias,-32.75012677205411,0.5606741086895664,50346,p4
RAW+CONTACT,2,User02,device_x_channel_quality_phase,22482/p1_response_shift,temperature,mae,5.638262257567806,0.10159393282497589,33677,p4
RAW+CONTACT,2,User02,device_x_channel_quality_phase,22482/p1_response_shift,temperature,rmse,5.840279293492887,0.09770117567387651,33677,p4
RAW+CONTACT,2,User02,device_x_channel_quality_phase,22482/p1_response_shift,temperature,bias,-5.638262257567806,0.10159393282497589,33677,p4
RAW+CONTACT,2,User02,device_x_channel_quality_phase,22482/p1_response_shift,humidity,mae,26.148018471474558,0.3750493877970762,33677,p4
RAW+CONTACT,2,User02,device_x_channel_quality_phase,22482/p1_response_shift,humidity,rmse,31.144802881237894,0.39365629959814086,33677,p4
RAW+CONTACT,2,User02,device_x_channel_quality_phase,22482/p1_response_shift,humidity,bias,-25.02012616387721,0.550570189503992,33677,p4
RAW+CONTACT,2,User02,device_x_channel_quality_phase,22482/p1_transition,temperature,mae,7.035705038544211,0.11300085232588518,2485,p4
RAW+CONTACT,2,User02,device_x_channel_quality_phase,22482/p1_transition,temperature,rmse,7.201896258486838,0.10974911847414909,2485,p4
RAW+CONTACT,2,User02,device_x_channel_quality_phase,22482/p1_transition,temperature,bias,-7.035705038544211,0.11300085232588518,2485,p4
RAW+CONTACT,2,User02,device_x_channel_quality_phase,22482/p1_transition,humidity,mae,35.26636305233012,0.5501865942940024,2485,p4
RAW+CONTACT,2,User02,device_x_channel_quality_phase,22482/p1_transition,humidity,rmse,36.04464799051308,0.5066511175502348,2485,p4
RAW+CONTACT,2,User02,device_x_channel_quality_phase,22482/p1_transition,humidity,bias,-35.26636305233012,0.5501865942940024,2485,p4
RAW+CONTACT,3,User07,overall,all,temperature,mae,2.0797912189410313,0.10593053836862003,140971,p4
RAW+CONTACT,3,User07,overall,all,temperature,rmse,2.5868733007197537,0.12176870930059147,140971,p4
RAW+CONTACT,3,User07,overall,all,temperature,bias,1.4613908442599828,0.19750804776206712,140971,p4
RAW+CONTACT,3,User07,overall,all,humidity,mae,9.9696137717349,0.27508573543157905,140971,p4
RAW+CONTACT,3,User07,overall,all,humidity,rmse,12.277384935253814,0.33808693845149,140971,p4
RAW+CONTACT,3,User07,overall,all,humidity,bias,3.2377478330457863,0.9645550002991881,140971,p4
RAW+MOVEMENT+CONTACT,1,User01,overall,all,temperature,mae,3.275940495314817,0.23332808933376634,289437,p4
RAW+MOVEMENT+CONTACT,1,User01,overall,all,temperature,rmse,3.918625258519383,0.33099016811763127,289437,p4
RAW+MOVEMENT+CONTACT,1,User01,overall,all,temperature,bias,2.3221743024426993,0.480819794823628,289437,p4
RAW+MOVEMENT+CONTACT,1,User01,overall,all,humidity,mae,19.863148739410857,0.7748943207478975,289437,p4
RAW+MOVEMENT+CONTACT,1,User01,overall,all,humidity,rmse,22.83671303181639,0.7461155461398644,289437,p4
RAW+MOVEMENT+CONTACT,1,User01,overall,all,humidity,bias,18.4628624051785,0.7947521108907376,289437,p4
RAW+MOVEMENT+CONTACT,1,User01,sensor_phase,s1,temperature,mae,3.610599609470967,0.38815822274084594,151883,p4
RAW+MOVEMENT+CONTACT,1,User01,sensor_phase,s1,temperature,rmse,4.31962441950746,0.5287004593191821,151883,p4
RAW+MOVEMENT+CONTACT,1,User01,sensor_phase,s1,temperature,bias,2.063954884481353,0.8329639341981686,151883,p4
RAW+MOVEMENT+CONTACT,1,User01,sensor_phase,s1,humidity,mae,20.355325955165416,1.4355997991598535,151883,p4
RAW+MOVEMENT+CONTACT,1,User01,sensor_phase,s1,humidity,rmse,23.066688084693997,1.4024646081390304,151883,p4
RAW+MOVEMENT+CONTACT,1,User01,sensor_phase,s1,humidity,bias,17.829147267820854,1.4838887899230881,151883,p4
RAW+MOVEMENT+CONTACT,1,User01,sensor_phase,s2,temperature,mae,2.906419941674946,0.07445621656325008,137554,p4
RAW+MOVEMENT+CONTACT,1,User01,sensor_phase,s2,temperature,rmse,3.4134242651196076,0.08140665755154908,137554,p4
RAW+MOVEMENT+CONTACT,1,User01,sensor_phase,s2,temperature,bias,2.607292436835179,0.09258927928635366,137554,p4
RAW+MOVEMENT+CONTACT,1,User01,sensor_phase,s2,humidity,mae,19.319701423735193,0.0650323595178798,137554,p4
RAW+MOVEMENT+CONTACT,1,User01,sensor_phase,s2,humidity,rmse,22.565205112984945,0.07453103223012382,137554,p4
RAW+MOVEMENT+CONTACT,1,User01,sensor_phase,s2,humidity,bias,19.16259164756543,0.06184713996393946,137554,p4
RAW+MOVEMENT+CONTACT,2,User02,overall,all,temperature,mae,4.688073507021779,0.13415504969509534,143999,p4
RAW+MOVEMENT+CONTACT,2,User02,overall,all,temperature,rmse,5.141710291893868,0.12143522658401151,143999,p4
RAW+MOVEMENT+CONTACT,2,User02,overall,all,temperature,bias,-4.688031775120656,0.1341744608015435,143999,p4
RAW+MOVEMENT+CONTACT,2,User02,overall,all,humidity,mae,24.08421776433561,0.05209227165161454,143999,p4
RAW+MOVEMENT+CONTACT,2,User02,overall,all,humidity,rmse,28.465901506509482,0.06001691159635088,143999,p4
RAW+MOVEMENT+CONTACT,2,User02,overall,all,humidity,bias,-23.62118928956403,0.07226807867367199,143999,p4
RAW+MOVEMENT+CONTACT,2,User02,device,22480,temperature,mae,3.16665700074242,0.14088544806413977,57491,p4
RAW+MOVEMENT+CONTACT,2,User02,device,22480,temperature,rmse,3.306593672678297,0.13052924677176614,57491,p4
RAW+MOVEMENT+CONTACT,2,User02,device,22480,temperature,bias,-3.1666518266135473,0.14088929172128656,57491,p4
RAW+MOVEMENT+CONTACT,2,User02,device,22480,humidity,mae,14.857513303926149,0.016951499644989328,57491,p4
RAW+MOVEMENT+CONTACT,2,User02,device,22480,humidity,rmse,16.698944801454658,0.023177434243984923,57491,p4
RAW+MOVEMENT+CONTACT,2,User02,device,22480,humidity,bias,-14.513637605059856,0.015223441758027303,57491,p4
RAW+MOVEMENT+CONTACT,2,User02,device,22482,temperature,mae,5.69916793022549,0.13070267058303867,86508,p4
RAW+MOVEMENT+CONTACT,2,User02,device,22482,temperature,rmse,6.061263412152736,0.1248816994599304,86508,p4
RAW+MOVEMENT+CONTACT,2,User02,device,22482,temperature,bias,-5.699101902965737,0.1307334891183229,86508,p4
RAW+MOVEMENT+CONTACT,2,User02,device,22482,humidity,mae,30.21604911095558,0.07800886486891931,86508,p4
RAW+MOVEMENT+CONTACT,2,User02,device,22482,humidity,rmse,34.110074373220975,0.07784931895988406,86508,p4
RAW+MOVEMENT+CONTACT,2,User02,device,22482,humidity,bias,-29.67383475465199,0.11041752779650552,86508,p4
RAW+MOVEMENT+CONTACT,2,User02,channel_quality_phase,normal,temperature,mae,4.355815568802396,0.1372027453849457,107837,p4
RAW+MOVEMENT+CONTACT,2,User02,channel_quality_phase,normal,temperature,rmse,4.85806495657197,0.1222501156675058,107837,p4
RAW+MOVEMENT+CONTACT,2,User02,channel_quality_phase,normal,temperature,bias,-4.355759842548609,0.13722945723109103,107837,p4
RAW+MOVEMENT+CONTACT,2,User02,channel_quality_phase,normal,humidity,mae,23.179397052103337,0.04306993788763288,107837,p4
RAW+MOVEMENT+CONTACT,2,User02,channel_quality_phase,normal,humidity,rmse,27.371851019047522,0.05806953497053005,107837,p4
RAW+MOVEMENT+CONTACT,2,User02,channel_quality_phase,normal,humidity,bias,-22.962164471902963,0.0315318018681852,107837,p4
RAW+MOVEMENT+CONTACT,2,User02,channel_quality_phase,p1_response_shift,temperature,mae,5.586370722120274,0.12929756624260022,33677,p4
RAW+MOVEMENT+CONTACT,2,User02,channel_quality_phase,p1_response_shift,temperature,rmse,5.809472218050613,0.12824818984350395,33677,p4
RAW+MOVEMENT+CONTACT,2,User02,channel_quality_phase,p1_response_shift,temperature,bias,-5.586370722120274,0.12929756624260022,33677,p4
RAW+MOVEMENT+CONTACT,2,User02,channel_quality_phase,p1_response_shift,humidity,mae,26.163363233091783,0.2610081769515883,33677,p4
RAW+MOVEMENT+CONTACT,2,User02,channel_quality_phase,p1_response_shift,humidity,rmse,31.14320199471277,0.2528880716031557,33677,p4
RAW+MOVEMENT+CONTACT,2,User02,channel_quality_phase,p1_response_shift,humidity,bias,-24.879106096542646,0.3460725565228093,33677,p4
RAW+MOVEMENT+CONTACT,2,User02,channel_quality_phase,p1_transition,temperature,mae,6.932638485247754,0.11142586089075612,2485,p4
RAW+MOVEMENT+CONTACT,2,User02,channel_quality_phase,p1_transition,temperature,rmse,7.099177324184957,0.11962324801265366,2485,p4
RAW+MOVEMENT+CONTACT,2,User02,channel_quality_phase,p1_transition,temperature,bias,-6.932638485247754,0.11142586089075612,2485,p4
RAW+MOVEMENT+CONTACT,2,User02,channel_quality_phase,p1_transition,humidity,mae,35.17225365716852,0.12684258402652798,2485,p4
RAW+MOVEMENT+CONTACT,2,User02,channel_quality_phase,p1_transition,humidity,rmse,36.026936032848354,0.12841337778584352,2485,p4
RAW+MOVEMENT+CONTACT,2,User02,channel_quality_phase,p1_transition,humidity,bias,-35.17225365716852,0.12684258402652798,2485,p4
RAW+MOVEMENT+CONTACT,2,User02,device_x_channel_quality_phase,22482/normal,temperature,mae,5.713737056831953,0.13807815122472228,50346,p4
RAW+MOVEMENT+CONTACT,2,User02,device_x_channel_quality_phase,22482/normal,temperature,rmse,6.1695021096696046,0.1304796522060664,50346,p4
RAW+MOVEMENT+CONTACT,2,User02,device_x_channel_quality_phase,22482/normal,temperature,bias,-5.7136236042004285,0.13813453894647001,50346,p4
RAW+MOVEMENT+CONTACT,2,User02,device_x_channel_quality_phase,22482/normal,humidity,mae,32.682305298368284,0.08220684650091749,50346,p4
RAW+MOVEMENT+CONTACT,2,User02,device_x_channel_quality_phase,22482/normal,humidity,rmse,35.865502350473896,0.08534113684606266,50346,p4
RAW+MOVEMENT+CONTACT,2,User02,device_x_channel_quality_phase,22482/normal,humidity,bias,-32.609688765822575,0.07040729152497081,50346,p4
RAW+MOVEMENT+CONTACT,2,User02,device_x_channel_quality_phase,22482/p1_response_shift,temperature,mae,5.586370722120274,0.12929756624260022,33677,p4
RAW+MOVEMENT+CONTACT,2,User02,device_x_channel_quality_phase,22482/p1_response_shift,temperature,rmse,5.809472218050613,0.12824818984350395,33677,p4
RAW+MOVEMENT+CONTACT,2,User02,device_x_channel_quality_phase,22482/p1_response_shift,temperature,bias,-5.586370722120274,0.12929756624260022,33677,p4
RAW+MOVEMENT+CONTACT,2,User02,device_x_channel_quality_phase,22482/p1_response_shift,humidity,mae,26.163363233091783,0.2610081769515883,33677,p4
RAW+MOVEMENT+CONTACT,2,User02,device_x_channel_quality_phase,22482/p1_response_shift,humidity,rmse,31.14320199471277,0.2528880716031557,33677,p4
RAW+MOVEMENT+CONTACT,2,User02,device_x_channel_quality_phase,22482/p1_response_shift,humidity,bias,-24.879106096542646,0.3460725565228093,33677,p4
RAW+MOVEMENT+CONTACT,2,User02,device_x_channel_quality_phase,22482/p1_transition,temperature,mae,6.932638485247754,0.11142586089075612,2485,p4
RAW+MOVEMENT+CONTACT,2,User02,device_x_channel_quality_phase,22482/p1_transition,temperature,rmse,7.099177324184957,0.11962324801265366,2485,p4
RAW+MOVEMENT+CONTACT,2,User02,device_x_channel_quality_phase,22482/p1_transition,temperature,bias,-6.932638485247754,0.11142586089075612,2485,p4
RAW+MOVEMENT+CONTACT,2,User02,device_x_channel_quality_phase,22482/p1_transition,humidity,mae,35.17225365716852,0.12684258402652798,2485,p4
RAW+MOVEMENT+CONTACT,2,User02,device_x_channel_quality_phase,22482/p1_transition,humidity,rmse,36.026936032848354,0.12841337778584352,2485,p4
RAW+MOVEMENT+CONTACT,2,User02,device_x_channel_quality_phase,22482/p1_transition,humidity,bias,-35.17225365716852,0.12684258402652798,2485,p4
RAW+MOVEMENT+CONTACT,3,User07,overall,all,temperature,mae,1.941678500479089,0.041699898813850896,140971,p4
RAW+MOVEMENT+CONTACT,3,User07,overall,all,temperature,rmse,2.4246796124203835,0.04983053144935417,140971,p4
RAW+MOVEMENT+CONTACT,3,User07,overall,all,temperature,bias,1.1496932152587072,0.1779233544613729,140971,p4
RAW+MOVEMENT+CONTACT,3,User07,overall,all,humidity,mae,10.06661044228784,0.339162970673801,140971,p4
RAW+MOVEMENT+CONTACT,3,User07,overall,all,humidity,rmse,12.414718517217779,0.47549412080291154,140971,p4
RAW+MOVEMENT+CONTACT,3,User07,overall,all,humidity,bias,2.0634945378506004,1.153913017600181,140971,p4
