figure,panel,series,x,value,lower,upper,unit
P6-1,temperature,User01,1,-0.005307327467942269,-0.10201403185600347,0.09515071874710047,°C
P6-1,temperature,User01,3,0.01779935768975882,-0.1731918430912978,0.20972504974650027,°C
P6-1,temperature,User01,7,0.5649949003895638,0.40426094972539306,0.7182985308765214,°C
P6-1,temperature,User01,14,1.1015997585416626,0.9684383118807088,1.2358000312232833,°C
P6-1,temperature,User02,1,0.6412357926491126,0.623270166786232,0.6603968872001019,°C
P6-1,temperature,User02,3,1.9693069413321442,1.9542868315371427,1.9863345599857432,°C
P6-1,temperature,User02,7,3.077094624727912,3.0097279840639986,3.1366706676033655,°C
P6-1,temperature,User02,14,3.4662367697001755,3.3539514522217124,3.5734102042962634,°C
P6-1,temperature,User07,1,-0.41826959824807575,-0.7974220060290239,-0.025794493448677683,°C
P6-1,temperature,User07,3,-0.6061192637014112,-1.0341095826364848,-0.1622091544771597,°C
P6-1,temperature,User07,7,-0.5810184978769797,-1.0131839631425312,-0.13724828259787847,°C
P6-1,temperature,User07,14,-0.6138835099544224,-1.0557902077362007,-0.16490909505944112,°C
P6-2,humidity,User01,1,-5.9367374865612526,-6.255891686155111,-5.63921066633984,%RH
P6-2,humidity,User01,3,-13.76349334336729,-14.188779214615176,-13.370034412055233,%RH
P6-2,humidity,User01,7,-10.494871293751796,-10.983535447566728,-10.054534406994629,%RH
P6-2,humidity,User01,14,3.4810498212353043,2.8552204574771425,4.083764743710578,%RH
P6-2,humidity,User02,1,4.4981999147318135,3.6378355886047284,5.198222240778819,%RH
P6-2,humidity,User02,3,9.688802531544301,6.39392427284912,12.64372424299011,%RH
P6-2,humidity,User02,7,6.775959749133406,1.429188323570759,11.74682507083809,%RH
P6-2,humidity,User02,14,9.64102446254497,4.859760607052098,14.003028619887198,%RH
P6-2,humidity,User07,1,1.4802965801216672,0.5220512378125995,2.42995033905461,%RH
P6-2,humidity,User07,3,1.7335257779244184,0.9836148564796949,2.4960236692296744,%RH
P6-2,humidity,User07,7,1.6803203920148384,0.8357358109266748,2.5324269538950497,%RH
P6-2,humidity,User07,14,1.7864648582294151,1.217574015042922,2.3567809475312753,%RH
P6-3,temperature|b=1,User01,12,-1.1269598576310296,-3.227849409920897,0.28596058112861317,%
P6-3,temperature|b=1,User01,14,-1.426547748480688,-3.585739042234193,0.0360771443294282,%
P6-3,temperature|b=1,User01,16,-1.687609598347408,-3.8631740243532526,-0.1886516032332291,%
P6-3,temperature|b=1,User01,18,-2.0043942244344857,-4.196171018906199,-0.49011894422298363,%
P6-3,temperature|b=1,User01,21,-2.79208678680223,-5.064577136759306,-1.3079455659610657,%
P6-3,temperature|b=1,User02,12,14.019658866785326,12.603144816802114,14.772799548315795,%
P6-3,temperature|b=1,User02,14,14.208293754666387,12.777484388585691,14.951931624739254,%
P6-3,temperature|b=1,User02,16,14.259026786326373,12.853241182642996,15.042030363453613,%
P6-3,temperature|b=1,User02,18,14.538200865298936,13.125216719448552,15.350949129387843,%
P6-3,temperature|b=1,User02,21,14.548689721798436,13.158384478233524,15.38684942359355,%
P6-3,temperature|b=1,User07,12,-8.102657067584378,-17.669144573733277,1.5522294197739954,%
P6-3,temperature|b=1,User07,14,-10.960344566818323,-20.32100174970694,-1.1994076239218405,%
P6-3,temperature|b=1,User07,16,-14.38028215848523,-23.81671894171121,-4.425638390895374,%
P6-3,temperature|b=1,User07,18,-18.215704750079496,-27.700719439873783,-7.967869731971867,%
P6-3,temperature|b=1,User07,21,-23.72778396812666,-33.18380335032076,-13.14124029894759,%
P6-3,temperature|b=3,User01,12,8.710651794147807,1.673899482709128,16.513136460316513,%
P6-3,temperature|b=3,User01,14,8.168243152279738,1.1238714981991755,15.92616023598675,%
P6-3,temperature|b=3,User01,16,7.686193179546323,0.6326870510586011,15.442925892963899,%
P6-3,temperature|b=3,User01,18,6.960854614057313,-0.16968171177254257,14.72308219012744,%
P6-3,temperature|b=3,User01,21,5.552433077471376,-1.8485020717399052,13.320895957826675,%
P6-3,temperature|b=3,User02,12,44.43764051101072,38.79678800815643,51.55889277550174,%
P6-3,temperature|b=3,User02,14,45.04771190222351,39.18942959652878,52.46291405196296,%
P6-3,temperature|b=3,User02,16,45.490243169241005,39.47374330903246,53.18855987975445,%
P6-3,temperature|b=3,User02,18,46.26081713771041,40.15587026446193,54.05723025138967,%
P6-3,temperature|b=3,User02,21,46.27947624195627,40.17376771766401,54.166024269984966,%
P6-3,temperature|b=3,User07,12,-17.64334396011531,-27.236441468392208,-7.095659809928493,%
P6-3,temperature|b=3,User07,14,-20.87040171887127,-30.236095136292267,-10.201951772877676,%
P6-3,temperature|b=3,User07,16,-25.021944539722124,-34.51308010239748,-14.037626394251564,%
P6-3,temperature|b=3,User07,18,-29.39544952400629,-38.90701358350685,-18.113911186548055,%
P6-3,temperature|b=3,User07,21,-35.81493569333335,-45.24652754883894,-24.16704570703641,%
P6-3,temperature|b=7,User01,12,26.32758287226002,20.951063374759578,33.093311432601254,%
P6-3,temperature|b=7,User01,14,25.909293257824018,20.552985579115248,32.61646522871203,%
P6-3,temperature|b=7,User01,16,25.45753281070528,20.08302566986982,32.14456224813344,%
P6-3,temperature|b=7,User01,18,24.78358527949856,19.3952193054859,31.420928962749215,%
P6-3,temperature|b=7,User01,21,23.77962850023012,18.283715466363184,30.379675104069403,%
P6-3,temperature|b=7,User02,12,59.70979669405981,59.42323152814476,60.1751241571206,%
P6-3,temperature|b=7,User02,14,60.56630913718472,60.31488617004936,60.97427470114428,%
P6-3,temperature|b=7,User02,16,61.31589383967789,61.037494974984256,61.67877683503625,%
P6-3,temperature|b=7,User02,18,62.339973012257474,62.096661345847245,62.7353281340377,%
P6-3,temperature|b=7,User02,21,62.35329635766836,62.04205487729501,62.74562385156731,%
P6-3,temperature|b=7,User07,12,-15.85499319983936,-25.60892131961826,-5.0768311101879045,%
P6-3,temperature|b=7,User07,14,-19.103933713399503,-28.65776826466528,-8.180761025081601,%
P6-3,temperature|b=7,User07,16,-23.339444718462428,-33.083815610390026,-12.07764034031779,%
P6-3,temperature|b=7,User07,18,-27.7322660733443,-37.51140994027361,-16.16686724737037,%
P6-3,temperature|b=7,User07,21,-34.01352261110572,-43.73253062241108,-22.034210395669632,%
P6-3,temperature|b=14,User01,16,43.30774902274677,39.15691312162373,45.45067259559522,%
P6-3,temperature|b=14,User01,18,42.725910327009956,38.52121293715804,44.79035710857831,%
P6-3,temperature|b=14,User01,21,42.242827154994494,37.95006962022436,44.17734879486891,%
P6-3,temperature|b=14,User02,16,69.36206084497778,69.01847812435251,69.59436895253512,%
P6-3,temperature|b=14,User02,18,70.47132982897783,70.09908344151633,70.71617382480723,%
P6-3,temperature|b=14,User02,21,70.50020326465366,70.17749727688306,70.68689236850257,%
P6-3,temperature|b=14,User07,16,-24.985588925675124,-34.95518460049329,-13.67153514180037,%
P6-3,temperature|b=14,User07,18,-29.45726839548254,-39.46164718449406,-17.833244404127125,%
P6-3,temperature|b=14,User07,21,-35.89067048671223,-45.819493549452,-23.898927674602316,%
P6-3,humidity|b=1,User01,12,-34.56327967597175,-40.11456421189718,-30.99440369468353,%
P6-3,humidity|b=1,User01,14,-34.686977948822346,-40.28235654743496,-31.00153270606559,%
P6-3,humidity|b=1,User01,16,-34.58555003740753,-40.183030087334835,-30.812702602171495,%
P6-3,humidity|b=1,User01,18,-34.5688046471137,-40.17570699350332,-30.65907236838085,%
P6-3,humidity|b=1,User01,21,-34.9872899754736,-40.719700085618285,-30.841790340002717,%
P6-3,humidity|b=1,User02,12,22.29469266469471,21.637062805962927,23.10347946093622,%
P6-3,humidity|b=1,User02,14,21.792957606809978,21.14880921304332,22.5420304208435,%
P6-3,humidity|b=1,User02,16,21.357133268058586,20.71357998056344,22.1508740838258,%
P6-3,humidity|b=1,User02,18,21.134290656076267,20.520207439080245,21.881920410652693,%
P6-3,humidity|b=1,User02,21,20.445503877764583,19.82571885086648,21.14082839475591,%
P6-3,humidity|b=1,User07,12,17.291499219254884,15.3868354018395,20.810896141355634,%
P6-3,humidity|b=1,User07,14,17.61978710290516,15.649673051127508,21.17572483681599,%
P6-3,humidity|b=1,User07,16,16.493039892722138,14.66710127308529,19.903047720016986,%
P6-3,humidity|b=1,User07,18,15.7927450415232,13.738211456623567,19.256372291742004,%
P6-3,humidity|b=1,User07,21,14.699242830264906,12.275095763751821,18.099229044220387,%
P6-3,humidity|b=3,User01,12,-65.3812988386033,-71.62523970598104,-61.62520246613329,%
P6-3,humidity|b=3,User01,14,-65.56895191910432,-71.77643618295659,-61.87700773188153,%
P6-3,humidity|b=3,User01,16,-65.31896776131549,-71.43493006321052,-61.731487091769985,%
P6-3,humidity|b=3,User01,18,-65.20148924845779,-71.20049542316458,-61.73392396731783,%
P6-3,humidity|b=3,User01,21,-65.8554799049129,-71.85920131375457,-62.443714019172205,%
P6-3,humidity|b=3,User02,12,43.08910045413399,39.78806467961883,45.8656925489008,%
P6-3,humidity|b=3,User02,14,43.04024258965689,40.028006917765524,45.63421106316676,%
P6-3,humidity|b=3,User02,16,42.22584358121152,39.56095753800827,44.615577332559205,%
P6-3,humidity|b=3,User02,18,42.92157575325853,40.63152758299955,45.118096311071895,%
P6-3,humidity|b=3,User02,21,43.560875836692226,41.7582502424183,45.46979864384235,%
P6-3,humidity|b=3,User07,12,19.116207658951588,17.348789519759038,22.058161214181123,%
P6-3,humidity|b=3,User07,14,19.243861771792325,17.6008860468157,22.266261481302323,%
P6-3,humidity|b=3,User07,16,18.552817129283486,16.801808173734816,21.455100118377302,%
P6-3,humidity|b=3,User07,18,18.45169571835066,16.42865512743191,21.314489499934687,%
P6-3,humidity|b=3,User07,21,18.233784017812997,15.823140190725752,20.955141898769376,%
P6-3,humidity|b=7,User01,12,-44.91144784064147,-54.64489960339899,-39.12516386264306,%
P6-3,humidity|b=7,User01,14,-45.03534181924416,-54.769411424198836,-39.31546805398659,%
P6-3,humidity|b=7,User01,16,-44.80816643986438,-54.470211754259346,-39.162980917396645,%
P6-3,humidity|b=7,User01,18,-44.56253213912155,-54.03625486864861,-39.09174896291377,%
P6-3,humidity|b=7,User01,21,-44.73257509510869,-54.13254491080149,-39.40636486149937,%
P6-3,humidity|b=7,User02,12,29.780003948666383,28.8810765232345,30.784687636812475,%
P6-3,humidity|b=7,User02,14,31.339886041756888,30.613004782856954,32.16343130129016,%
P6-3,humidity|b=7,User02,16,31.830270992382975,31.202344686612587,32.56185045483941,%
P6-3,humidity|b=7,User02,18,33.61742170198873,33.12847632559683,34.29692121870458,%
P6-3,humidity|b=7,User02,21,35.529597593267006,35.10449704957587,36.14199611441221,%
P6-3,humidity|b=7,User07,12,18.863128676512794,17.26248862788104,21.83034925339099,%
P6-3,humidity|b=7,User07,14,19.052468365604494,17.32049419662323,22.0926172609173,%
P6-3,humidity|b=7,User07,16,18.184006374088966,16.584019145269533,21.094763876395923,%
P6-3,humidity|b=7,User07,18,17.814855837555893,15.965852910584127,20.666225179953432,%
P6-3,humidity|b=7,User07,21,17.164949940360728,14.980176424317321,19.79430682678911,%
P6-3,humidity|b=14,User01,16,22.492478685014557,18.067255479607606,28.028760213246823,%
P6-3,humidity|b=14,User01,18,22.317472795873496,18.015666146400036,27.823040098372864,%
P6-3,humidity|b=14,User01,21,22.43346671234989,18.266738504229053,27.94477618231188,%
P6-3,humidity|b=14,User02,16,44.34954099845337,42.77878465307859,45.81428926269553,%
P6-3,humidity|b=14,User02,18,45.651826891483175,44.10043301973327,47.032786769696806,%
P6-3,humidity|b=14,User02,21,46.656444138125664,45.14595779738863,47.995554587283834,%
P6-3,humidity|b=14,User07,16,19.245128580581262,17.777792892265257,21.904433578796755,%
P6-3,humidity|b=14,User07,18,19.633121825262815,18.101110957441772,22.180808687850874,%
P6-3,humidity|b=14,User07,21,20.19854519454356,18.41927412367746,22.48576229057523,%
P6-4,User07|temperature,night_mean,1,24.452530120481928,,,°C
P6-4,User07|temperature,rolling_mean_7,1,24.430648588280942,,,°C
P6-4,User07|temperature,night_mean,2,24.370849746764208,,,°C
P6-4,User07|temperature,rolling_mean_7,2,24.49434586024413,,,°C
P6-4,User07|temperature,night_mean,3,24.338533541341654,,,°C
P6-4,User07|temperature,rolling_mean_7,3,24.531726396343114,,,°C
P6-4,User07|temperature,night_mean,4,24.56068094453597,,,°C
P6-4,User07|temperature,rolling_mean_7,4,24.53060279277504,,,°C
P6-4,User07|temperature,night_mean,5,24.749134948096884,,,°C
P6-4,User07|temperature,rolling_mean_7,5,24.516002847059355,,,°C
P6-4,User07|temperature,night_mean,6,24.71862907683803,,,°C
P6-4,User07|temperature,rolling_mean_7,6,24.530628555577373,,,°C
P6-4,User07|temperature,night_mean,7,24.523861171366594,,,°C
P6-4,User07|temperature,rolling_mean_7,7,24.5613195906024,,,°C
P6-4,User07|temperature,night_mean,8,24.350330500472143,,,°C
P6-4,User07|temperature,rolling_mean_7,8,24.567217782623313,,,°C
P6-4,User07|temperature,night_mean,9,24.473229706390327,,,°C
P6-4,User07|temperature,rolling_mean_7,9,24.545863838418562,,,°C
P6-4,User07|temperature,night_mean,10,24.553370786516854,,,°C
P6-4,User07|temperature,rolling_mean_7,10,24.638104956841925,,,°C
P6-4,User07|temperature,night_mean,11,24.60196828868234,,,°C
P6-4,User07|temperature,rolling_mean_7,11,24.678722008927583,,,°C
P6-4,User07|temperature,night_mean,12,24.599657338663622,,,°C
P6-4,User07|temperature,rolling_mean_7,12,24.71039089764445,,,°C
P6-4,User07|temperature,night_mean,13,25.364316905801623,,,°C
P6-4,User07|temperature,rolling_mean_7,13,24.82772989653878,,,°C
P6-4,User07|temperature,night_mean,14,24.808180535966148,,,°C
P6-4,User07|temperature,rolling_mean_7,14,24.845272041766204,,,°C
P6-4,User07|temperature,night_mean,15,24.572012721490232,,,°C
P6-4,User07|temperature,rolling_mean_7,15,24.87350573714848,,,°C
P6-4,User07|temperature,night_mean,16,25.294602698650674,,,°C
P6-4,User07|temperature,rolling_mean_7,16,24.854178416128377,,,°C
P6-4,User07|temperature,night_mean,17,24.67616580310881,,,°C
P6-4,User07|temperature,rolling_mean_7,17,24.772739695122713,,,°C
P6-4,User07|temperature,night_mean,18,24.79960415635824,,,°C
P6-4,User07|temperature,rolling_mean_7,18,24.861450537007034,,,°C
P6-4,User07|temperature,night_mean,19,24.46436609152288,,,°C
P6-4,User07|temperature,rolling_mean_7,19,24.803543957746523,,,°C
P6-4,User07|temperature,night_mean,20,24.794245858761986,,,°C
P6-4,User07|temperature,rolling_mean_7,20,24.731367294106388,,,°C
P6-4,User07|temperature,night_mean,21,25.42915642915643,,,°C
P6-4,User07|temperature,rolling_mean_7,21,24.708585887636666,,,°C
P6-4,User07|temperature,night_mean,22,24.166666666666668,,,°C
P6-4,User07|temperature,rolling_mean_7,22,24.682732318726842,,,°C
P6-4,User07|temperature,night_mean,23,24.789366053169733,,,°C
P6-4,User07|temperature,rolling_mean_7,23,24.63965011960563,,,°C
P6-4,User07|temperature,night_mean,24,24.516695957820737,,,°C
P6-4,User07|temperature,rolling_mean_7,24,24.58241456647068,,,°C
P6-4,User07|temperature,night_mean,25,24.618629173989454,,,°C
P6-4,User07|temperature,rolling_mean_7,25,24.473668690836128,,,°C
P6-4,User07|temperature,night_mean,26,24.162790697674417,,,°C
P6-4,User07|temperature,rolling_mean_7,26,24.479380899383667,,,°C
P6-4,User07|temperature,night_mean,27,24.393596986817325,,,°C
P6-4,User07|temperature,rolling_mean_7,27,24.419219122964225,,,°C
P6-4,User07|temperature,night_mean,28,24.667935299714557,,,°C
P6-4,User07|temperature,rolling_mean_7,28,24.41132915262034,,,°C
P6-4,User07|temperature,night_mean,29,24.206652126499456,,,°C
P6-4,User07|temperature,rolling_mean_7,29,24.511787710687525,,,°C
P6-4,User07|temperature,night_mean,30,24.368233618233617,,,°C
P6-4,User07|temperature,rolling_mean_7,30,24.479262982355635,,,°C
P6-4,User07|temperature,night_mean,31,24.461466165413533,,,°C
P6-4,User07|temperature,rolling_mean_7,31,24.45550237384926,,,°C
P6-4,User07|temperature,night_mean,32,25.32183908045977,,,°C
P6-4,User07|temperature,rolling_mean_7,32,24.212256958362087,,,°C
P6-4,User07|temperature,night_mean,33,23.935117599351177,,,°C
P6-4,User07|temperature,rolling_mean_7,33,24.308244352570117,,,°C
P6-4,User07|temperature,night_mean,34,24.227272727272727,,,°C
P6-4,User07|temperature,rolling_mean_7,34,24.33648545810498,,,°C
P6-4,User07|temperature,night_mean,35,22.965217391304346,,,°C
P6-4,User07|temperature,rolling_mean_7,35,24.349123007458044,,,°C
P6-4,User07|temperature,night_mean,36,24.87856388595565,,,°C
P6-4,User07|temperature,rolling_mean_7,36,24.17310936592716,,,°C
P6-4,User07|temperature,night_mean,37,24.56592135697764,,,°C
P6-4,User07|temperature,rolling_mean_7,37,24.199321532017297,,,°C
P6-4,User07|temperature,night_mean,38,24.549929010885,,,°C
P6-4,User07|temperature,rolling_mean_7,38,24.314040146735913,,,°C
P6-4,User07|temperature,night_mean,39,24.08974358974359,,,°C
P6-4,User07|temperature,rolling_mean_7,39,24.611635818945892,,,°C
P6-4,User07|temperature,night_mean,40,24.118602761982128,,,°C
P6-4,User07|temperature,rolling_mean_7,40,24.755464420262143,,,°C
P6-4,User07|temperature,night_mean,41,25.03030303030303,,,°C
P6-4,User07|temperature,rolling_mean_7,41,24.817590307582236,,,°C
P6-4,User07|temperature,night_mean,42,25.048387096774192,,,°C
P6-4,User07|temperature,rolling_mean_7,42,24.978824938680297,,,°C
P6-4,User07|temperature,night_mean,43,25.88536409516943,,,°C
P6-4,User07|temperature,rolling_mean_7,43,25.254676230842755,,,°C
P6-4,User07|temperature,night_mean,44,25.000802568218297,,,°C
P6-4,User07|temperature,rolling_mean_7,44,25.523447264845313,,,°C
P6-4,User07|temperature,night_mean,45,25.678571428571427,,,°C
P6-4,User07|temperature,rolling_mean_7,45,25.659543102416745,,,°C
P6-4,User07|temperature,night_mean,46,26.020702634880802,,,°C
P6-4,User07|temperature,rolling_mean_7,46,25.676303347486225,,,°C
P6-4,User07|temperature,night_mean,47,26.0,,,°C
P6-4,User07|temperature,rolling_mean_7,47,25.682519368842836,,,°C
P6-4,User07|temperature,night_mean,48,25.982973893303065,,,°C
P6-4,User07|temperature,rolling_mean_7,48,25.819618120120293,,,°C
P6-4,User07|temperature,night_mean,49,25.165708812260537,,,°C
P6-4,User07|temperature,rolling_mean_7,49,25.86553648746723,,,°C
P6-4,User07|temperature,night_mean,50,25.92887624466572,,,°C
P6-4,User07|temperature,rolling_mean_7,50,26.000541799805866,,,°C
P6-4,User07|temperature,night_mean,51,25.960493827160494,,,°C
P6-4,User07|temperature,rolling_mean_7,51,26.135426425162358,,,°C
P6-4,User07|temperature,night_mean,52,26.0,,,°C
P6-4,User07|temperature,rolling_mean_7,52,26.25313092195392,,,°C
P6-4,User07|temperature,night_mean,53,26.96573982125124,,,°C
P6-4,User07|temperature,rolling_mean_7,53,26.465475948117785,,,°C
P6-4,User07|temperature,night_mean,54,26.94419237749546,,,°C
P6-4,User07|temperature,rolling_mean_7,54,26.49665842720574,,,°C
P6-4,User07|temperature,night_mean,55,26.80690537084399,,,°C
P6-4,User07|temperature,rolling_mean_7,55,26.64224860930774,,,°C
P6-4,User07|temperature,night_mean,56,26.652123995407578,,,°C
P6-4,User07|temperature,rolling_mean_7,56,26.822899419172035,,,°C
P6-4,User07|temperature,night_mean,57,26.147153598281417,,,°C
P6-4,User07|temperature,rolling_mean_7,57,26.92510696764335,,,°C
P6-4,User07|temperature,night_mean,58,26.97962510187449,,,°C
P6-4,User07|temperature,rolling_mean_7,58,26.98472941340799,,,°C
P6-4,User07|temperature,night_mean,59,27.26455566905005,,,°C
P6-4,User07|temperature,rolling_mean_7,59,27.037955386071303,,,°C
P6-4,User07|temperature,night_mean,60,27.681192660550458,,,°C
P6-4,User07|temperature,rolling_mean_7,60,27.074911378052924,,,°C
P6-4,User07|temperature,night_mean,61,27.36154949784792,,,°C
P6-4,User07|temperature,rolling_mean_7,61,27.193647304690682,,,°C
P6-4,User07|temperature,night_mean,62,27.17948717948718,,,°C
P6-4,User07|temperature,rolling_mean_7,62,27.201627128846862,,,°C
P6-4,User07|temperature,night_mean,63,26.910815939278937,,,°C
P6-4,User07|temperature,rolling_mean_7,63,27.15198897721042,,,°C
P6-4,User07|temperature,night_mean,64,26.978305084745763,,,°C
P6-4,User07|temperature,rolling_mean_7,64,27.051457606506347,,,°C
P6-4,User07|temperature,night_mean,65,27.03548387096774,,,°C
P6-4,User07|temperature,rolling_mean_7,65,27.057693217779274,,,°C
P6-4,User07|temperature,night_mean,66,26.917088607594938,,,°C
P6-4,User07|temperature,rolling_mean_7,66,27.176789034243512,,,°C
P6-4,User07|temperature,night_mean,67,26.97747306562194,,,°C
P6-4,User07|temperature,rolling_mean_7,67,27.312448106896912,,,°C
P6-4,User07|temperature,night_mean,68,27.40519877675841,,,°C
P6-4,User07|temperature,rolling_mean_7,68,27.447193935584462,,,°C
P6-4,User07|temperature,night_mean,69,28.013157894736842,,,°C
P6-4,User07|temperature,rolling_mean_7,69,27.655891422456182,,,°C
P6-4,User07|temperature,night_mean,70,27.86042944785276,,,°C
P6-4,User07|temperature,rolling_mean_7,70,27.841576525422365,,,°C
P6-4,User07|temperature,night_mean,71,27.921525885558584,,,°C
P6-4,User07|temperature,rolling_mean_7,71,27.9453735301061,,,°C
P6-4,User07|temperature,night_mean,72,28.49636627906977,,,°C
P6-4,User07|temperature,rolling_mean_7,72,27.91203840479428,,,°C
P6-4,User07|temperature,night_mean,73,28.21688432835821,,,°C
P6-4,User07|temperature,rolling_mean_7,73,27.836400552008772,,,°C
P6-4,User07|temperature,night_mean,74,27.704052098408106,,,°C
P6-4,User07|temperature,rolling_mean_7,74,27.784053224212375,,,°C
P6-4,User07|temperature,night_mean,75,27.171852899575672,,,°C
P6-4,User07|temperature,rolling_mean_7,75,27.707525286976825,,,°C
P6-4,User07|temperature,night_mean,76,27.483692925238334,,,°C
P6-4,User07|temperature,rolling_mean_7,76,27.559443721629346,,,°C
P6-4,User07|temperature,night_mean,77,27.493998153277932,,,°C
P6-4,User07|temperature,rolling_mean_7,77,27.602316002044194,,,°C
P6-4,User07|temperature,night_mean,78,27.385830324909747,,,°C
P6-4,User07|temperature,rolling_mean_7,78,27.63870177585597,,,°C
P6-4,User07|temperature,night_mean,79,27.459795321637426,,,°C
P6-4,User07|temperature,rolling_mean_7,79,27.79823096362092,,,°C
P6-4,User07|temperature,night_mean,80,28.516990291262136,,,°C
P6-4,User07|temperature,rolling_mean_7,80,27.871989117158304,,,°C
P6-4,User07|temperature,night_mean,81,27.958752515090545,,,°C
P6-4,User07|temperature,rolling_mean_7,81,27.98876517055235,,,°C
P6-4,User07|temperature,night_mean,82,28.28855721393035,,,°C
P6-4,User07|temperature,rolling_mean_7,82,28.113085534778662,,,°C
P6-4,User07|temperature,night_mean,83,28.0,,,°C
P6-4,User07|temperature,rolling_mean_7,83,28.190483492783027,,,°C
P6-4,User07|temperature,night_mean,84,28.311430527036276,,,°C
P6-4,User07|temperature,rolling_mean_7,84,28.136512613916175,,,°C
P6-4,User07|temperature,night_mean,85,28.256072874493928,,,°C
P6-4,User07|temperature,rolling_mean_7,85,28.231452730808,,,°C
P6-4,User07|temperature,night_mean,86,28.001581027667985,,,°C
P6-4,User07|temperature,rolling_mean_7,86,28.27701437201633,,,°C
P6-4,User07|temperature,night_mean,87,28.13919413919414,,,°C
P6-4,User07|temperature,rolling_mean_7,87,28.37683800517329,,,°C
P6-4,User07|temperature,night_mean,88,28.623333333333335,,,°C
P6-4,User07|temperature,rolling_mean_7,88,28.465058511296473,,,°C
P6-4,User07|temperature,night_mean,89,28.607488702388636,,,°C
P6-4,User07|temperature,rolling_mean_7,89,28.569982079026712,,,°C
P6-4,User07|temperature,night_mean,90,28.698765432098764,,,°C
P6-4,User07|temperature,rolling_mean_7,90,28.712613360788428,,,°C
P6-4,User07|temperature,night_mean,91,28.928974069898533,,,°C
P6-4,User07|temperature,rolling_mean_7,91,28.844186972915516,,,°C
P6-4,User07|temperature,night_mean,92,28.990537848605577,,,°C
P6-4,User07|temperature,rolling_mean_7,92,29.023067884503455,,,°C
P6-4,User07|temperature,night_mean,93,29.0,,,°C
P6-4,User07|temperature,rolling_mean_7,93,29.239181542500113,,,°C
P6-4,User07|temperature,night_mean,94,29.06020942408377,,,°C
P6-4,User07|temperature,rolling_mean_7,94,29.285772797137344,,,°C
P6-4,User07|temperature,night_mean,95,29.875499714448885,,,°C
P6-4,User07|temperature,rolling_mean_7,95,29.29591935858041,,,°C
P6-4,User07|temperature,night_mean,96,30.12028430836523,,,°C
P6-4,User07|temperature,rolling_mean_7,96,29.421864660733952,,,°C
P6-4,User07|temperature,night_mean,97,29.02490421455939,,,°C
P6-4,User07|temperature,rolling_mean_7,97,29.36640570585155,,,°C
P6-4,User07|temperature,night_mean,98,29.0,,,°C
P6-4,User07|temperature,rolling_mean_7,98,29.417438419479513,,,°C
P6-4,User07|temperature,night_mean,99,29.872154963680387,,,°C
P6-4,User07|temperature,rolling_mean_7,99,29.32582616048564,,,°C
P6-4,User07|temperature,night_mean,100,28.61178731582319,,,°C
P6-4,User07|temperature,rolling_mean_7,100,29.12721162351574,,,°C
P6-4,User07|temperature,primary_mean,,26.674193211306363,,,°C
P6-4,User07|temperature,training_pool_mean,,27.38345222824131,,,°C
P6-4,User01|humidity,night_mean,1,69.71757129714811,,,%RH
P6-4,User01|humidity,rolling_mean_7,1,69.48420379033612,,,%RH
P6-4,User01|humidity,night_mean,2,68.26076833527357,,,%RH
P6-4,User01|humidity,rolling_mean_7,2,69.89617762193456,,,%RH
P6-4,User01|humidity,night_mean,3,69.54438405797102,,,%RH
P6-4,User01|humidity,rolling_mean_7,3,69.65740807403348,,,%RH
P6-4,User01|humidity,night_mean,4,70.41409147095179,,,%RH
P6-4,User01|humidity,rolling_mean_7,4,64.66382252587837,,,%RH
P6-4,User01|humidity,night_mean,5,71.54407294832826,,,%RH
P6-4,User01|humidity,rolling_mean_7,5,59.910183783162275,,,%RH
P6-4,User01|humidity,night_mean,6,68.46356033452808,,,%RH
P6-4,User01|humidity,rolling_mean_7,6,56.099450500854054,,,%RH
P6-4,User01|humidity,night_mean,7,34.70230923694779,,,%RH
P6-4,User01|humidity,rolling_mean_7,7,52.816374599000675,,,%RH
P6-4,User01|humidity,night_mean,8,36.44210009813543,,,%RH
P6-4,User01|humidity,rolling_mean_7,8,47.74063330872535,,,%RH
P6-4,User01|humidity,night_mean,9,41.58563535911602,,,%RH
P6-4,User01|humidity,rolling_mean_7,9,40.40351530051184,,,%RH
P6-4,User01|humidity,night_mean,10,46.562852744997436,,,%RH
P6-4,User01|humidity,rolling_mean_7,10,35.39364769865846,,,%RH
P6-4,User01|humidity,night_mean,11,34.88390243902439,,,%RH
P6-4,User01|humidity,rolling_mean_7,11,35.22812506390174,,,%RH
P6-4,User01|humidity,night_mean,12,20.184246890833716,,,%RH
P6-4,User01|humidity,rolling_mean_7,12,35.03265859197482,,,%RH
P6-4,User01|humidity,night_mean,13,33.39448712155445,,,%RH
P6-4,User01|humidity,rolling_mean_7,13,33.71925941445522,,,%RH
P6-4,User01|humidity,night_mean,14,33.54365079365079,,,%RH
P6-4,User01|humidity,rolling_mean_7,14,31.937969389906126,,,%RH
P6-4,User01|humidity,night_mean,15,35.07383479464698,,,%RH
P6-4,User01|humidity,rolling_mean_7,15,31.720618104176076,,,%RH
P6-4,User01|humidity,night_mean,16,32.3918411164788,,,%RH
P6-4,User01|humidity,rolling_mean_7,16,30.903222210275295,,,%RH
P6-4,User01|humidity,night_mean,17,34.09382257315374,,,%RH
P6-4,User01|humidity,rolling_mean_7,17,27.824695596871646,,,%RH
P6-4,User01|humidity,night_mean,18,33.36244343891403,,,%RH
P6-4,User01|humidity,rolling_mean_7,18,26.72684690642282,,,%RH
P6-4,User01|humidity,night_mean,19,14.462475633528266,,,%RH
P6-4,User01|humidity,rolling_mean_7,19,25.62430720584934,,,%RH
P6-4,User01|humidity,night_mean,20,11.84480082772892,,,%RH
P6-4,User01|humidity,rolling_mean_7,20,25.119800491730523,,,%RH
P6-4,User01|humidity,night_mean,21,25.858709960508996,,,%RH
P6-4,User01|humidity,rolling_mean_7,21,24.94992555079102,,,%RH
P6-4,User01|humidity,night_mean,22,27.35605689063266,,,%RH
P6-4,User01|humidity,rolling_mean_7,22,25.55478952067046,,,%RH
P6-4,User01|humidity,night_mean,23,28.860294117647058,,,%RH
P6-4,User01|humidity,rolling_mean_7,23,28.964787879598354,,,%RH
P6-4,User01|humidity,night_mean,24,32.90469798657718,,,%RH
P6-4,User01|humidity,rolling_mean_7,24,32.154105645482346,,,%RH
P6-4,User01|humidity,night_mean,25,37.59649122807018,,,%RH
P6-4,User01|humidity,rolling_mean_7,25,32.96464244147642,,,%RH
P6-4,User01|humidity,night_mean,26,38.33246414602347,,,%RH
P6-4,User01|humidity,rolling_mean_7,26,33.277756763222776,,,%RH
P6-4,User01|humidity,night_mean,27,34.170025188916874,,,%RH
P6-4,User01|humidity,rolling_mean_7,27,32.07744775612479,,,%RH
P6-4,User01|humidity,night_mean,28,31.532467532467532,,,%RH
P6-4,User01|humidity,rolling_mean_7,28,31.64271182939627,,,%RH
P6-4,User01|humidity,night_mean,29,29.547857142857143,,,%RH
P6-4,User01|humidity,rolling_mean_7,29,31.104573537880412,,,%RH
P6-4,User01|humidity,night_mean,30,20.458131067961165,,,%RH
P6-4,User01|humidity,rolling_mean_7,30,28.671399822585318,,,%RH
P6-4,User01|humidity,night_mean,31,29.861546499477534,,,%RH
P6-4,User01|humidity,rolling_mean_7,31,25.244884616482334,,,%RH
P6-4,User01|humidity,night_mean,32,33.82952318745917,,,%RH
P6-4,User01|humidity,rolling_mean_7,32,22.1308713975584,,,%RH
P6-4,User01|humidity,night_mean,33,21.300248138957816,,,%RH
P6-4,User01|humidity,rolling_mean_7,33,20.072755923520685,,,%RH
P6-4,User01|humidity,night_mean,34,10.184418746195982,,,%RH
P6-4,User01|humidity,rolling_mean_7,34,19.574151661607363,,,%RH
P6-4,User01|humidity,night_mean,35,9.734375,,,%RH
P6-4,User01|humidity,rolling_mean_7,35,19.576739664853786,,,%RH
P6-4,User01|humidity,night_mean,36,15.141048824593128,,,%RH
P6-4,User01|humidity,rolling_mean_7,36,19.90983151187557,,,%RH
P6-4,User01|humidity,night_mean,37,16.9679012345679,,,%RH
P6-4,User01|humidity,rolling_mean_7,37,20.248355212040824,,,%RH
P6-4,User01|humidity,night_mean,38,29.879662522202487,,,%RH
P6-4,User01|humidity,rolling_mean_7,38,22.574538643774847,,,%RH
P6-4,User01|humidity,night_mean,39,36.16116611661166,,,%RH
P6-4,User01|humidity,rolling_mean_7,39,25.670933223180214,,,%RH
P6-4,User01|humidity,night_mean,40,23.669914040114612,,,%RH
P6-4,User01|humidity,rolling_mean_7,40,26.947245340361167,,,%RH
P6-4,User01|humidity,night_mean,41,26.467702768334142,,,%RH
P6-4,User01|humidity,rolling_mean_7,41,28.64505153322318,,,%RH
P6-4,User01|humidity,night_mean,42,31.409137055837565,,,%RH
P6-4,User01|humidity,rolling_mean_7,42,28.084624669061103,,,%RH
P6-4,User01|humidity,night_mean,43,24.075233644859814,,,%RH
P6-4,User01|humidity,rolling_mean_7,43,26.682262298582646,,,%RH
P6-4,User01|humidity,night_mean,44,28.852544584602,,,%RH
P6-4,User01|humidity,rolling_mean_7,44,27.493955509002966,,,%RH
P6-4,User01|humidity,night_mean,45,25.956674473067917,,,%RH
P6-4,User01|humidity,rolling_mean_7,45,28.24472033311273,,,%RH
P6-4,User01|humidity,night_mean,46,26.344629523262494,,,%RH
P6-4,User01|humidity,rolling_mean_7,46,27.97448208380314,,,%RH
P6-4,User01|humidity,night_mean,47,29.351766513056834,,,%RH
P6-4,User01|humidity,rolling_mean_7,47,28.338003426099686,,,%RH
P6-4,User01|humidity,night_mean,48,31.723056537102472,,,%RH
P6-4,User01|humidity,rolling_mean_7,48,28.20956043289458,,,%RH
P6-4,User01|humidity,night_mean,49,29.517469310670442,,,%RH
P6-4,User01|humidity,rolling_mean_7,49,28.657408958762655,,,%RH
P6-4,User01|humidity,night_mean,50,26.619883040935672,,,%RH
P6-4,User01|humidity,rolling_mean_7,50,28.171450436621818,,,%RH
P6-4,User01|humidity,night_mean,51,27.953443632166216,,,%RH
P6-4,User01|humidity,rolling_mean_7,51,26.925848516994677,,,%RH
P6-4,User01|humidity,night_mean,52,29.091614154144448,,,%RH
P6-4,User01|humidity,rolling_mean_7,52,25.519663228699763,,,%RH
P6-4,User01|humidity,night_mean,53,22.94291986827662,,,%RH
P6-4,User01|humidity,rolling_mean_7,53,24.81081017364844,,,%RH
P6-4,User01|humidity,night_mean,54,20.63255307566685,,,%RH
P6-4,User01|humidity,rolling_mean_7,54,23.691481048402522,,,%RH
P6-4,User01|humidity,night_mean,55,21.879759519038075,,,%RH
P6-4,User01|humidity,rolling_mean_7,55,21.278860625398913,,,%RH
P6-4,User01|humidity,night_mean,56,24.555497925311204,,,%RH
P6-4,User01|humidity,rolling_mean_7,56,20.63770770953236,,,%RH
P6-4,User01|humidity,night_mean,57,18.784579164214243,,,%RH
P6-4,User01|humidity,rolling_mean_7,57,21.312107273229888,,,%RH
P6-4,User01|humidity,night_mean,58,11.06510067114094,,,%RH
P6-4,User01|humidity,rolling_mean_7,58,23.109453761652293,,,%RH
P6-4,User01|humidity,night_mean,59,24.603543743078628,,,%RH
P6-4,User01|humidity,rolling_mean_7,59,23.243915898238015,,,%RH
P6-4,User01|humidity,night_mean,60,27.663716814159294,,,%RH
P6-4,User01|humidity,rolling_mean_7,60,22.107444123682313,,,%RH
P6-4,User01|humidity,night_mean,61,33.21397849462365,,,%RH
P6-4,User01|humidity,rolling_mean_7,61,21.480880422709305,,,%RH
P6-4,User01|humidity,night_mean,62,22.82099447513812,,,%RH
P6-4,User01|humidity,rolling_mean_7,62,22.74232329590996,,,%RH
P6-4,User01|humidity,night_mean,63,16.60019550342131,,,%RH
P6-4,User01|humidity,rolling_mean_7,63,21.9067187607464,,,%RH
P6-4,User01|humidity,night_mean,64,14.398633257403189,,,%RH
P6-4,User01|humidity,rolling_mean_7,64,20.88603025696413,,,%RH
P6-4,User01|humidity,night_mean,65,19.895200783545544,,,%RH
P6-4,User01|humidity,rolling_mean_7,65,18.813054429126165,,,%RH
P6-4,User01|humidity,night_mean,66,18.75431199693369,,,%RH
P6-4,User01|humidity,rolling_mean_7,66,18.44414401646014,,,%RH
P6-4,User01|humidity,night_mean,67,20.518897287683416,,,%RH
P6-4,User01|humidity,rolling_mean_7,67,18.115420888390112,,,%RH
P6-4,User01|humidity,night_mean,68,18.70314769975787,,,%RH
P6-4,User01|humidity,rolling_mean_7,68,17.54805725744131,,,%RH
P6-4,User01|humidity,night_mean,69,20.238621586475944,,,%RH
P6-4,User01|humidity,rolling_mean_7,69,17.55943349366139,,,%RH
P6-4,User01|humidity,night_mean,70,14.299133606931145,,,%RH
P6-4,User01|humidity,rolling_mean_7,70,16.958063596833906,,,%RH
P6-4,User01|humidity,night_mean,71,10.427087840761574,,,%RH
P6-4,User01|humidity,rolling_mean_7,71,15.552744822712956,,,%RH
P6-4,User01|humidity,night_mean,72,19.97483443708609,,,%RH
P6-4,User01|humidity,rolling_mean_7,72,14.827611736985347,,,%RH
P6-4,User01|humidity,night_mean,73,14.544722719141324,,,%RH
P6-4,User01|humidity,rolling_mean_7,73,13.390243597440989,,,%RH
P6-4,User01|humidity,night_mean,74,10.681665868836763,,,%RH
P6-4,User01|humidity,rolling_mean_7,74,15.042014612880115,,,%RH
P6-4,User01|humidity,night_mean,75,13.62721609966459,,,%RH
P6-4,User01|humidity,rolling_mean_7,75,18.067638871473104,,,%RH
P6-4,User01|humidity,night_mean,76,10.177044609665428,,,%RH
P6-4,User01|humidity,rolling_mean_7,76,19.43454802751963,,,%RH
P6-4,User01|humidity,night_mean,77,25.861530715005035,,,%RH
P6-4,User01|humidity,rolling_mean_7,77,20.759866530686164,,,%RH
P6-4,User01|humidity,night_mean,78,31.606457650912493,,,%RH
P6-4,User01|humidity,rolling_mean_7,78,23.384571431133633,,,%RH
P6-4,User01|humidity,night_mean,79,29.543198529411764,,,%RH
P6-4,User01|humidity,rolling_mean_7,79,23.46739272748574,,,%RH
P6-4,User01|humidity,night_mean,80,23.82195224130708,,,%RH
P6-4,User01|humidity,rolling_mean_7,80,23.694135442523713,,,%RH
P6-4,User01|humidity,night_mean,81,29.054600171969046,,,%RH
P6-4,User01|humidity,rolling_mean_7,81,21.873888125915407,,,%RH
P6-4,User01|humidity,night_mean,82,14.206965174129353,,,%RH
P6-4,User01|humidity,rolling_mean_7,82,20.23727724552837,,,%RH
P6-4,User01|humidity,night_mean,83,11.764243614931237,,,%RH
P6-4,User01|humidity,rolling_mean_7,83,18.598961722217304,,,%RH
P6-4,User01|humidity,night_mean,84,13.119799498746866,,,%RH
P6-4,User01|humidity,rolling_mean_7,84,17.482341502529998,,,%RH
P6-4,User01|humidity,night_mean,85,20.150181488203266,,,%RH
P6-4,User01|humidity,rolling_mean_7,85,15.779025813503225,,,%RH
P6-4,User01|humidity,night_mean,86,18.074989866234294,,,%RH
P6-4,User01|humidity,rolling_mean_7,86,15.512705503584007,,,%RH
P6-4,User01|humidity,night_mean,87,16.0056107034959,,,%RH
P6-4,User01|humidity,rolling_mean_7,87,15.791004336611522,,,%RH
P6-4,User01|humidity,night_mean,88,17.131390348781654,,,%RH
P6-4,User01|humidity,rolling_mean_7,88,15.581349522449775,,,%RH
P6-4,User01|humidity,night_mean,89,12.342723004694836,,,%RH
P6-4,User01|humidity,rolling_mean_7,89,14.541872464427417,,,%RH
P6-4,User01|humidity,night_mean,90,13.712335446123841,,,%RH
P6-4,User01|humidity,rolling_mean_7,90,14.07823754847187,,,%RH
P6-4,User01|humidity,night_mean,91,11.652215799614643,,,%RH
P6-4,User01|humidity,rolling_mean_7,91,15.134591881290616,,,%RH
P6-4,User01|humidity,night_mean,92,12.873842082046759,,,%RH
P6-4,User01|humidity,rolling_mean_7,92,16.10569760786218,,,%RH
P6-4,User01|humidity,night_mean,93,14.829545454545455,,,%RH
P6-4,User01|humidity,rolling_mean_7,93,18.95545395222226,,,%RH
P6-4,User01|humidity,night_mean,94,23.400091033227127,,,%RH
P6-4,User01|humidity,rolling_mean_7,94,20.127681986890934,,,%RH
P6-4,User01|humidity,night_mean,95,23.929130434782607,,,%RH
P6-4,User01|humidity,rolling_mean_7,95,20.81916699229433,,,%RH
P6-4,User01|humidity,night_mean,96,32.2910174152154,,,%RH
P6-4,User01|humidity,rolling_mean_7,96,20.946596675411396,,,%RH
P6-4,User01|humidity,night_mean,97,21.917931688804554,,,%RH
P6-4,User01|humidity,rolling_mean_7,97,20.894228980228146,,,%RH
P6-4,User01|humidity,night_mean,98,16.492610837438423,,,%RH
P6-4,User01|humidity,rolling_mean_7,98,21.438960050958713,,,%RH
P6-4,User01|humidity,night_mean,99,13.7658498638662,,,%RH
P6-4,User01|humidity,rolling_mean_7,99,21.31344077695451,,,%RH
P6-4,User01|humidity,night_mean,100,14.462971588262691,,,%RH
P6-4,User01|humidity,rolling_mean_7,100,20.503129710161858,,,%RH
P6-4,User01|humidity,night_mean,101,27.213208528341134,,,%RH
P6-4,User01|humidity,rolling_mean_7,101,22.321853929331528,,,%RH
P6-4,User01|humidity,night_mean,102,23.050495516753184,,,%RH
P6-4,User01|humidity,rolling_mean_7,102,26.206072789289305,,,%RH
P6-4,User01|humidity,night_mean,103,26.61883994766681,,,%RH
P6-4,User01|humidity,rolling_mean_7,103,28.570161995104606,,,%RH
P6-4,User01|humidity,night_mean,104,34.649001222992254,,,%RH
P6-4,User01|humidity,rolling_mean_7,104,30.14865129595492,,,%RH
P6-4,User01|humidity,night_mean,105,43.68214285714286,,,%RH
P6-4,User01|humidity,rolling_mean_7,105,29.299721227898765,,,%RH
P6-4,User01|humidity,night_mean,106,30.314474304573313,,,%RH
P6-4,User01|humidity,rolling_mean_7,106,29.912206243362593,,,%RH
P6-4,User01|humidity,night_mean,107,25.512396694214875,,,%RH
P6-4,User01|humidity,rolling_mean_7,107,30.268101845116345,,,%RH
P6-4,User01|humidity,night_mean,108,21.270698051948052,,,%RH
P6-4,User01|humidity,rolling_mean_7,108,29.508141511535097,,,%RH
P6-4,User01|humidity,night_mean,109,27.337890625,,,%RH
P6-4,User01|humidity,rolling_mean_7,109,28.048737111477205,,,%RH
P6-4,User01|humidity,night_mean,110,29.110109159943047,,,%RH
P6-4,User01|humidity,rolling_mean_7,110,27.903878432002614,,,%RH
P6-4,User01|humidity,night_mean,111,29.329278887923543,,,%RH
P6-4,User01|humidity,rolling_mean_7,111,27.169544551332592,,,%RH
P6-4,User01|humidity,night_mean,112,33.466312056737586,,,%RH
P6-4,User01|humidity,rolling_mean_7,112,27.017842273110166,,,%RH
P6-4,User01|humidity,night_mean,113,29.30046354825116,,,%RH
P6-4,User01|humidity,rolling_mean_7,113,27.389431981006773,,,%RH
P6-4,User01|humidity,night_mean,114,20.372059529524723,,,%RH
P6-4,User01|humidity,rolling_mean_7,114,27.81711583014293,,,%RH
P6-4,User01|humidity,night_mean,115,20.20878210439105,,,%RH
P6-4,User01|humidity,rolling_mean_7,115,28.5377587943507,,,%RH
P6-4,User01|humidity,night_mean,116,29.939018580276322,,,%RH
P6-4,User01|humidity,rolling_mean_7,116,28.675531378509948,,,%RH
P6-4,User01|humidity,night_mean,117,32.103896103896105,,,%RH
P6-4,User01|humidity,rolling_mean_7,117,30.084862268611253,,,%RH
P6-4,User01|humidity,night_mean,118,34.373779637377964,,,%RH
P6-4,User01|humidity,rolling_mean_7,118,30.558791147390018,,,%RH
P6-4,User01|humidity,night_mean,119,34.43072014585233,,,%RH
P6-4,User01|humidity,rolling_mean_7,119,32.42014513388934,,,%RH
P6-4,User01|humidity,night_mean,120,39.16577977896029,,,%RH
P6-4,User01|humidity,rolling_mean_7,120,32.677763830572474,,,%RH
P6-4,User01|humidity,night_mean,121,23.689561680976052,,,%RH
P6-4,User01|humidity,rolling_mean_7,121,30.87666268085996,,,%RH
P6-4,User01|humidity,night_mean,122,33.23826000988631,,,%RH
P6-4,User01|humidity,rolling_mean_7,122,29.310881301589802,,,%RH
P6-4,User01|humidity,night_mean,123,31.742349457058243,,,%RH
P6-4,User01|humidity,rolling_mean_7,123,27.57433510098584,,,%RH
P6-4,User01|humidity,night_mean,124,19.49618805590851,,,%RH
P6-4,User01|humidity,rolling_mean_7,124,24.400026863965177,,,%RH
P6-4,User01|humidity,night_mean,125,23.413309982486865,,,%RH
P6-4,User01|humidity,rolling_mean_7,125,24.73740387024946,,,%RH
P6-4,User01|humidity,night_mean,126,22.274896741624598,,,%RH
P6-4,User01|humidity,rolling_mean_7,126,23.127521385309507,,,%RH
P6-4,User01|humidity,night_mean,127,16.945622119815667,,,%RH
P6-4,User01|humidity,rolling_mean_7,127,22.06532557695641,,,%RH
P6-4,User01|humidity,night_mean,128,26.051200724966016,,,%RH
P6-4,User01|humidity,rolling_mean_7,128,23.59956409243142,,,%RH
P6-4,User01|humidity,night_mean,129,21.96908261530664,,,%RH
P6-4,User01|humidity,rolling_mean_7,129,24.41100853102352,,,%RH
P6-4,User01|humidity,night_mean,130,24.306978798586574,,,%RH
P6-4,User01|humidity,rolling_mean_7,130,25.494751578794386,,,%RH
P6-4,User01|humidity,night_mean,131,30.235857664233578,,,%RH
P6-4,User01|humidity,rolling_mean_7,131,27.148919435180375,,,%RH
P6-4,User01|humidity,night_mean,132,29.09342105263158,,,%RH
P6-4,User01|humidity,rolling_mean_7,132,27.001417490283114,,,%RH
P6-4,User01|humidity,night_mean,133,29.861098076020646,,,%RH
P6-4,User01|humidity,rolling_mean_7,133,27.871610102179478,,,%RH
P6-4,User01|humidity,night_mean,134,28.524797114517582,,,%RH
P6-4,User01|humidity,rolling_mean_7,134,28.526661350434605,,,%RH
P6-4,User01|humidity,night_mean,135,25.018687110685192,,,%RH
P6-4,User01|humidity,rolling_mean_7,135,28.284350618355884,,,%RH
P6-4,User01|humidity,night_mean,136,28.06043089858119,,,%RH
P6-4,User01|humidity,rolling_mean_7,136,28.674978717380423,,,%RH
P6-4,User01|humidity,night_mean,137,28.892337536372455,,,%RH
P6-4,User01|humidity,rolling_mean_7,137,28.24303454496328,,,%RH
P6-4,User01|humidity,night_mean,138,28.53968253968254,,,%RH
P6-4,User01|humidity,rolling_mean_7,138,28.66049954136019,,,%RH
P6-4,User01|humidity,night_mean,139,31.827817745803358,,,%RH
P6-4,User01|humidity,rolling_mean_7,139,30.64870520048779,,,%RH
P6-4,User01|humidity,night_mean,140,26.837488869100625,,,%RH
P6-4,User01|humidity,rolling_mean_7,140,32.23366063276317,,,%RH
P6-4,User01|humidity,night_mean,141,31.447052089295937,,,%RH
P6-4,User01|humidity,rolling_mean_7,141,33.03259561596896,,,%RH
P6-4,User01|humidity,night_mean,142,38.936126724578436,,,%RH
P6-4,User01|humidity,rolling_mean_7,142,33.892063350114356,,,%RH
P6-4,User01|humidity,night_mean,143,39.15511892450879,,,%RH
P6-4,User01|humidity,rolling_mean_7,143,34.523624367193634,,,%RH
P6-4,User01|humidity,night_mean,144,34.48488241881299,,,%RH
P6-4,User01|humidity,rolling_mean_7,144,36.02530506179973,,,%RH
P6-4,User01|humidity,night_mean,145,34.55595667870036,,,%RH
P6-4,User01|humidity,rolling_mean_7,145,36.43404935022347,,,%RH
P6-4,User01|humidity,night_mean,146,36.24874486535828,,,%RH
P6-4,User01|humidity,rolling_mean_7,146,36.32073518250048,,,%RH
P6-4,User01|humidity,night_mean,147,37.34925373134328,,,%RH
P6-4,User01|humidity,rolling_mean_7,147,36.57223854444215,,,%RH
P6-4,User01|humidity,night_mean,148,34.308262108262106,,,%RH
P6-4,User01|humidity,rolling_mean_7,148,36.761186917353655,,,%RH
P6-4,User01|humidity,night_mean,149,38.1429275505175,,,%RH
P6-4,User01|humidity,rolling_mean_7,149,37.12872529046253,,,%RH
P6-4,User01|humidity,night_mean,150,40.91564245810056,,,%RH
P6-4,User01|humidity,rolling_mean_7,150,37.30472137548338,,,%RH
P6-4,User01|humidity,night_mean,151,35.80752102919347,,,%RH
P6-4,User01|humidity,rolling_mean_7,151,37.293588286518414,,,%RH
P6-4,User01|humidity,primary_mean,,25.089200006018388,,,%RH
P6-4,User01|humidity,training_pool_mean,,48.806235744113415,,,%RH
P6-4,User02|temperature,night_mean,1,28.91241084165478,,,°C
P6-4,User02|temperature,rolling_mean_7,1,29.178934064824343,,,°C
P6-4,User02|temperature,night_mean,2,29.361205915813425,,,°C
P6-4,User02|temperature,rolling_mean_7,2,29.184609910675714,,,°C
P6-4,User02|temperature,night_mean,3,29.354441776710683,,,°C
P6-4,User02|temperature,rolling_mean_7,3,29.17565454938755,,,°C
P6-4,User02|temperature,night_mean,4,29.087677725118482,,,°C
P6-4,User02|temperature,rolling_mean_7,4,29.215016375916807,,,°C
P6-4,User02|temperature,night_mean,5,29.20731329408119,,,°C
P6-4,User02|temperature,rolling_mean_7,5,29.214863812022365,,,°C
P6-4,User02|temperature,night_mean,6,29.13087774294671,,,°C
P6-4,User02|temperature,rolling_mean_7,6,29.036936059063546,,,°C
P6-4,User02|temperature,night_mean,7,29.45118733509235,,,°C
P6-4,User02|temperature,rolling_mean_7,7,29.37130057844555,,,°C
P6-4,User02|temperature,night_mean,8,28.91134289439374,,,°C
P6-4,User02|temperature,rolling_mean_7,8,29.75655075181013,,,°C
P6-4,User02|temperature,night_mean,9,28.115711645101662,,,°C
P6-4,User02|temperature,rolling_mean_7,9,30.08535159587259,,,°C
P6-4,User02|temperature,night_mean,10,31.694993412384715,,,°C
P6-4,User02|temperature,rolling_mean_7,10,30.44103365743921,,,°C
P6-4,User02|temperature,night_mean,11,31.784428938670583,,,°C
P6-4,User02|temperature,rolling_mean_7,11,30.670464769743212,,,°C
P6-4,User02|temperature,night_mean,12,31.508919202518364,,,°C
P6-4,User02|temperature,rolling_mean_7,12,31.004473607959078,,,°C
P6-4,User02|temperature,night_mean,13,31.620652173913044,,,°C
P6-4,User02|temperature,rolling_mean_7,13,31.534819277745065,,,°C
P6-4,User02|temperature,night_mean,14,31.057205121220377,,,°C
P6-4,User02|temperature,rolling_mean_7,14,31.599923508202096,,,°C
P6-4,User02|temperature,night_mean,15,31.249404761904763,,,°C
P6-4,User02|temperature,rolling_mean_7,15,31.577655214246022,,,°C
P6-4,User02|temperature,night_mean,16,31.82813133360357,,,°C
P6-4,User02|temperature,rolling_mean_7,16,31.390161411748256,,,°C
P6-4,User02|temperature,night_mean,17,32.15072302558398,,,°C
P6-4,User02|temperature,rolling_mean_7,17,31.22105140537176,,,°C
P6-4,User02|temperature,night_mean,18,31.628550880978064,,,°C
P6-4,User02|temperature,rolling_mean_7,18,31.1810596748889,,,°C
P6-4,User02|temperature,night_mean,19,30.196462585034013,,,°C
P6-4,User02|temperature,rolling_mean_7,19,31.15782573307097,,,°C
P6-4,User02|temperature,night_mean,20,30.436882129277567,,,°C
P6-4,User02|temperature,rolling_mean_7,20,30.973865767088572,,,°C
P6-4,User02|temperature,night_mean,21,30.777263007840343,,,°C
P6-4,User02|temperature,rolling_mean_7,21,30.867597782542,,,°C
P6-4,User02|temperature,night_mean,22,31.08676716917923,,,°C
P6-4,User02|temperature,rolling_mean_7,22,30.77694855799488,,,°C
P6-4,User02|temperature,night_mean,23,30.54041157172681,,,°C
P6-4,User02|temperature,rolling_mean_7,23,30.810492995045507,,,°C
P6-4,User02|temperature,night_mean,24,31.40684713375796,,,°C
P6-4,User02|temperature,rolling_mean_7,24,30.848567485954458,,,°C
P6-4,User02|temperature,night_mean,25,30.994006309148265,,,°C
P6-4,User02|temperature,rolling_mean_7,25,30.90227481136502,,,°C
P6-4,User02|temperature,night_mean,26,30.431273644388398,,,°C
P6-4,User02|temperature,rolling_mean_7,26,30.991724825969104,,,°C
P6-4,User02|temperature,night_mean,27,30.703403565640194,,,°C
P6-4,User02|temperature,rolling_mean_7,27,31.048202342857298,,,°C
P6-4,User02|temperature,night_mean,28,31.153214285714284,,,°C
P6-4,User02|temperature,rolling_mean_7,28,31.03325053318036,,,°C
P6-4,User02|temperature,night_mean,29,31.712917271407836,,,°C
P6-4,User02|temperature,rolling_mean_7,29,30.993160137118487,,,°C
P6-4,User02|temperature,night_mean,30,30.935754189944134,,,°C
P6-4,User02|temperature,rolling_mean_7,30,30.99614015859077,,,°C
P6-4,User02|temperature,night_mean,31,31.30218446601942,,,°C
P6-4,User02|temperature,rolling_mean_7,31,30.88944784593491,,,°C
P6-4,User02|temperature,night_mean,32,30.713373536715146,,,°C
P6-4,User02|temperature,rolling_mean_7,32,30.793386512979815,,,°C
P6-4,User02|temperature,night_mean,33,30.452133794694348,,,°C
P6-4,User02|temperature,rolling_mean_7,33,30.677952774403938,,,°C
P6-4,User02|temperature,night_mean,34,29.95655737704918,,,°C
P6-4,User02|temperature,rolling_mean_7,34,30.694766344952054,,,°C
P6-4,User02|temperature,night_mean,35,30.480784955028618,,,°C
P6-4,User02|temperature,rolling_mean_7,35,30.452188748536198,,,°C
P6-4,User02|temperature,night_mean,36,30.90488110137672,,,°C
P6-4,User02|temperature,rolling_mean_7,36,30.322575504798664,,,°C
P6-4,User02|temperature,night_mean,37,31.053449183780938,,,°C
P6-4,User02|temperature,rolling_mean_7,37,30.17658510237512,,,°C
P6-4,User02|temperature,night_mean,38,29.604141291108405,,,°C
P6-4,User02|temperature,rolling_mean_7,38,30.122110133574427,,,°C
P6-4,User02|temperature,night_mean,39,29.806080830552467,,,°C
P6-4,User02|temperature,rolling_mean_7,39,29.92115996329809,,,°C
P6-4,User02|temperature,night_mean,40,29.430200977729495,,,°C
P6-4,User02|temperature,rolling_mean_7,40,29.71886091743077,,,°C
P6-4,User02|temperature,night_mean,41,29.575232595444337,,,°C
P6-4,User02|temperature,rolling_mean_7,41,29.58282613398652,,,°C
P6-4,User02|temperature,night_mean,42,29.074133763094277,,,°C
P6-4,User02|temperature,rolling_mean_7,42,29.689181375286314,,,°C
P6-4,User02|temperature,night_mean,43,29.488787780305493,,,°C
P6-4,User02|temperature,rolling_mean_7,43,29.986825787975807,,,°C
P6-4,User02|temperature,night_mean,44,30.101205699671173,,,°C
P6-4,User02|temperature,rolling_mean_7,44,30.325171337491774,,,°C
P6-4,User02|temperature,night_mean,45,30.348627980206928,,,°C
P6-4,User02|temperature,rolling_mean_7,45,30.628988591162656,,,°C
P6-4,User02|temperature,night_mean,46,31.889591719378952,,,°C
P6-4,User02|temperature,rolling_mean_7,46,31.06838242369343,,,°C
P6-4,User02|temperature,night_mean,47,31.79861982434128,,,°C
P6-4,User02|temperature,rolling_mean_7,47,31.460539760685773,,,°C
P6-4,User02|temperature,night_mean,48,31.701953371140515,,,°C
P6-4,User02|temperature,rolling_mean_7,48,31.771316202218788,,,°C
P6-4,User02|temperature,night_mean,49,32.149890590809626,,,°C
P6-4,User02|temperature,rolling_mean_7,49,32.00843090588743,,,°C
P6-4,User02|temperature,night_mean,50,32.233889139251914,,,°C
P6-4,User02|temperature,rolling_mean_7,50,32.03219874318912,,,°C
P6-4,User02|temperature,night_mean,51,32.27664079040226,,,°C
P6-4,User02|temperature,rolling_mean_7,51,32.09059347290108,,,°C
P6-4,User02|temperature,primary_mean,,30.81772556057555,,,°C
P6-4,User02|temperature,training_pool_mean,,25.962930521737515,,,°C
