subject_id,target,condition,budget_nights,R,Q,r_pooled,r_within,r_within_mat,oracle_affine,class_r_pooled,class_r_within,class_r_within_mat,within_positive_rule,J1,J2,J3,J4,J5,J6,J7,J8_cell,unmapped_within_only,status,protocol_version
User01,temperature,C,0,1.82725502485622,1.5868677148813293,0.05778877039437138,0.022341395621645072,0.022341395621645072,0.9979728024946892,small,zero,zero,False,True,False,False,False,False,False,True,False,False,post_hoc_second_order_diagnostic,v1.2
User01,humidity,C,0,1.3718074439929744,0.9438052207774884,0.007130285948215936,-0.017174229343649147,-0.017174229343649147,0.9998439259252914,zero,zero,zero,False,True,False,False,False,False,False,True,False,False,post_hoc_second_order_diagnostic,v1.2
User01,temperature,E,1,1.4285444959427114,1.0800759521076095,0.05823707379975503,0.017320054765130974,0.017320054765130974,0.9974079898279776,small,zero,zero,False,True,False,False,False,False,False,True,False,False,post_hoc_second_order_diagnostic,v1.2
User01,humidity,E,1,1.4353313738197837,0.9506417364798879,-0.08168855900027693,-0.05854810429482199,-0.05854810429482199,0.9966212485571945,small,zero,zero,False,True,False,False,False,False,False,True,False,False,post_hoc_second_order_diagnostic,v1.2
User01,temperature,E,3,1.21259130720813,0.613653702976842,-0.07696448006164348,-0.006169217118477982,-0.006169217118477982,0.9954936156268538,small,zero,zero,False,True,False,False,False,False,False,True,False,False,post_hoc_second_order_diagnostic,v1.2
User01,humidity,E,3,1.449874735757281,0.9288213660349894,-0.12856412609016818,-0.08268221814682818,-0.08268221814682818,0.9916826007289838,negative,small,small,False,False,False,False,True,False,False,True,False,False,post_hoc_second_order_diagnostic,v1.2
User01,temperature,E,7,1.121081991301229,0.4728718392509022,-0.035095322791284425,-0.014332874379171606,-0.014332874379171606,0.9983734395603462,zero,small,small,False,True,False,False,False,False,False,True,False,False,post_hoc_second_order_diagnostic,v1.2
User01,humidity,E,7,1.3599654522093025,0.8222250689664197,-0.10437692087741435,-0.08123702467041184,-0.08123702467041184,0.9942067209009102,negative,small,small,False,False,False,False,True,False,False,True,False,False,post_hoc_second_order_diagnostic,v1.2
User01,temperature,E,14,0.9972515322388631,0.2620341157360117,0.140054015880577,-0.0041932552549420275,-0.0041932552549420275,0.9892981227348964,positive,zero,zero,False,False,True,False,False,False,True,True,False,False,post_hoc_second_order_diagnostic,v1.2
User01,humidity,E,14,1.320719887370623,0.7215126757273742,-0.15319600741242348,-0.04117244764655741,-0.04117244764655741,0.9877691762040447,negative,small,small,False,False,False,False,True,False,False,True,False,False,post_hoc_second_order_diagnostic,v1.2
User01,temperature,S,14,0.9906625018735435,0.14963610568484928,0.13727937412311828,0.01197326641415389,0.01197326641415389,0.9902742383325528,positive,zero,zero,False,False,True,False,False,False,True,True,False,False,post_hoc_second_order_diagnostic,v1.2
User01,humidity,S,14,1.3013856045879544,0.7283383699371294,-0.11191619142541198,-0.06896286270299867,-0.06896286270299867,0.9936976346839037,negative,small,small,False,False,False,False,True,False,False,True,False,False,post_hoc_second_order_diagnostic,v1.2
User02,temperature,C,0,1.0856690976899928,0.23697130203800945,-0.2585933448363583,-0.2795028055580729,-0.05208139948528668,0.9659599963607715,negative,negative,small,False,False,False,False,True,False,False,True,False,False,post_hoc_second_order_diagnostic,v1.2
User02,humidity,C,0,1.0943005345587673,0.25615954610800523,-0.25742488434227445,-0.3693980511814406,-0.10799998127732442,0.9662922481064061,negative,negative,negative,False,False,False,False,True,False,False,True,False,False,post_hoc_second_order_diagnostic,v1.2
User02,temperature,E,1,1.0988102580362575,0.2606412401949692,-0.2652039397686648,-0.29151966799145107,-0.005670730398593567,0.9639423300983588,negative,negative,zero,False,False,False,False,True,False,False,True,False,False,post_hoc_second_order_diagnostic,v1.2
User02,humidity,E,1,1.0755872135245397,0.22370217497472925,-0.23488805309727964,-0.3439695469953401,-0.07862960638598195,0.9719149208987202,negative,negative,small,False,False,False,False,True,False,False,True,False,False,post_hoc_second_order_diagnostic,v1.2
User02,temperature,E,3,1.1227307474910113,0.2937167225373862,-0.27976196138810944,-0.3045821562903028,-0.07197613101003995,0.9590772462020382,negative,negative,small,False,False,False,False,True,False,False,True,False,False,post_hoc_second_order_diagnostic,v1.2
User02,humidity,E,3,1.0967875645070864,0.29246385206870373,-0.1851992464212536,-0.298940263415163,-0.05232956853047569,0.9821624497041052,negative,negative,zero,False,False,False,False,True,False,False,True,False,False,post_hoc_second_order_diagnostic,v1.2
User02,temperature,E,7,1.0450864607441621,0.21114356057346942,-0.10378477197584411,-0.11070253640258439,-0.014584408290826328,0.9883561774558993,zero,zero,zero,False,True,False,False,False,False,False,True,False,False,post_hoc_second_order_diagnostic,v1.2
User02,humidity,E,7,1.0431343588583546,0.23427042437265044,-0.06123567448747783,-0.09419079063004963,-0.04352007312843013,0.9942495548108884,zero,zero,zero,False,True,False,False,False,False,False,True,False,False,post_hoc_second_order_diagnostic,v1.2
User02,temperature,E,14,0.958423969334966,0.29695716870079475,0.2825594332805868,0.30845282152125475,0.08853328881935295,0.9578454963979114,positive,positive,small,False,False,True,False,False,False,True,True,False,False,post_hoc_second_order_diagnostic,v1.2
User02,humidity,E,14,0.9886664449548973,0.23714449510827804,0.1657463394257265,0.2704845096515491,0.012479623168451854,0.9855982140765086,positive,positive,zero,False,False,True,False,False,False,True,True,False,False,post_hoc_second_order_diagnostic,v1.2
User02,temperature,S,14,0.938150518608858,0.2583993861555381,0.36137191345972747,0.40234755399310823,0.12337889494935302,0.9322933095400368,positive,positive,positive,True,False,False,True,False,False,False,False,False,False,post_hoc_second_order_diagnostic,v1.2
User02,humidity,S,14,0.9697390007650353,0.2515863783913954,0.2446455951256473,0.3695385025012759,0.02393273395897119,0.9695934478547984,positive,positive,zero,False,False,True,False,False,False,True,True,False,False,post_hoc_second_order_diagnostic,v1.2
User07,temperature,C,0,1.1414395614238613,0.6948743102361185,0.1304715766557406,-0.015448328024603547,-0.015448328024603547,0.9914258300769822,positive,zero,zero,False,False,True,False,False,False,False,True,False,False,post_hoc_second_order_diagnostic,v1.2
User07,humidity,C,0,1.2262787659521097,0.7269128328403985,0.017745088432744794,-0.04049482816269783,-0.04049482816269783,0.9997872673587166,zero,zero,zero,False,True,False,False,False,False,False,True,False,False,post_hoc_second_order_diagnostic,v1.2
User07,temperature,E,1,1.0206479554194348,0.29736964298356966,0.07865629255181272,-0.010362072388523578,-0.010362072388523578,0.9968943202136793,zero,zero,zero,False,True,False,False,False,False,False,True,False,False,post_hoc_second_order_diagnostic,v1.2
User07,humidity,E,1,1.028771802029027,0.2501390877603675,0.00870212960688385,-0.04085288795496071,-0.04085288795496071,0.9996975611653959,zero,zero,zero,False,True,False,False,False,False,False,True,False,False,post_hoc_second_order_diagnostic,v1.2
User07,temperature,E,3,1.0147204398063343,0.17943499672205931,0.0075273141329189825,0.01085876804005878,0.01085876804005878,0.9999696702296278,zero,zero,zero,False,True,False,False,False,False,False,True,False,False,post_hoc_second_order_diagnostic,v1.2
User07,humidity,E,3,1.009119560547093,0.1510909102692414,0.018699653075635574,0.007232565147044896,0.007232565147044896,0.9995549187094593,zero,zero,zero,False,True,False,False,False,False,False,True,False,False,post_hoc_second_order_diagnostic,v1.2
User07,temperature,E,7,1.0227089018905995,0.1563967317430547,-0.06870333444221423,0.038714959457281706,0.038714959457281706,0.9975807273101496,small,zero,zero,False,True,False,False,False,False,False,True,False,False,post_hoc_second_order_diagnostic,v1.2
User07,humidity,E,7,1.0065533663642643,0.14177733672601203,0.026936528397238133,0.007807793710850735,0.007807793710850735,0.9995513915687023,zero,zero,zero,False,True,False,False,False,False,False,True,False,False,post_hoc_second_order_diagnostic,v1.2
User07,temperature,E,14,1.0227977609920096,0.129137146976411,-0.11433387443968508,0.03618003631405248,0.03618003631405248,0.9933714444055846,negative,zero,zero,False,False,False,False,True,False,False,True,False,False,post_hoc_second_order_diagnostic,v1.2
User07,humidity,E,14,0.9967830265531562,0.13644836841688676,0.09231547070239023,0.04467112723381808,0.04467112723381808,0.995717315564787,small,zero,zero,False,True,False,False,False,False,False,True,False,False,post_hoc_second_order_diagnostic,v1.2
User07,temperature,S,14,1.0196329422258883,0.10137661645100693,-0.14468036924949876,0.04025669525317265,0.04025669525317265,0.9894601246429214,negative,zero,zero,False,False,False,False,True,False,False,True,False,False,post_hoc_second_order_diagnostic,v1.2
User07,humidity,S,14,0.9967138096683562,0.09528253845877437,0.08211769495794217,0.05871382076953049,0.05871382076953049,0.996608776977458,small,zero,zero,False,False,False,False,False,True,False,True,False,False,post_hoc_second_order_diagnostic,v1.2
