subject_id,target,budget_nights,predictor,predictor_name,calibration,n_seeds,mae,mae_seed_sd,mae_seed_min,mae_seed_max,rmse,bias,err_sd,target_sd,R,R_seed_min,R_seed_max,offset_mean,fit_windows,n_windows,n_nights
User01,temperature,0,A,training_mean,none,1,2.8376755609663435,,,,3.2731400154870927,2.750376859274342,1.7745063237281105,1.7745063237281102,1.0000000000000002,,,,,265852,136
User01,temperature,0,C,raw_tcn_base,none,3,3.0923339435499746,0.2554268871522685,2.8132957138884467,3.3145944897849513,3.7599438963115657,1.9026926981463343,3.2424755966713277,1.7745063237281102,1.82725502485622,1.7001799141305571,1.955858423395716,,,265852,136
User01,temperature,1,B,adaptation_target_mean,pooled,1,2.30544366281863,,,,2.7420104469654136,2.0903943643045944,1.7745063237281105,1.7745063237281102,1.0000000000000002,,,-0.6599824949697474,1087,265852,136
User01,temperature,1,D,raw_tcn_bias_calibrated,pooled,3,4.9219509078850345,0.2851661556340865,4.592847233349858,5.095873704266128,5.635623046408647,4.608657216493851,3.2424755966713277,1.7745063237281102,1.82725502485622,1.7001799141305576,1.955858423395716,2.7059645183475176,1087,265852,136
User01,temperature,1,E,full_fine_tuning,none,3,3.1445204679942784,0.312947114190407,2.8186030413563867,3.442643043126967,3.7164705723401616,2.7133780012108097,2.534961241777327,1.7745063237281102,1.4285444959427114,1.3724315597353782,1.4743188977043247,,,265852,136
User01,temperature,3,B,adaptation_target_mean,pooled,1,2.268589154621473,,,,2.699064932167888,2.033735188048679,1.7745063237281105,1.7745063237281102,1.0000000000000002,,,-0.7166416712256617,3050,265852,136
User01,temperature,3,D,raw_tcn_bias_calibrated,pooled,3,3.6656696108398665,0.21864336479226673,3.422585399666684,3.8462665272077814,4.357093957654418,2.9070876029269144,3.242475596671327,1.7745063237281102,1.8272550248562196,1.7001799141305576,1.9558584233957155,1.0043949047805798,3050,265852,136
User01,temperature,3,E,full_fine_tuning,none,3,2.8546511828920402,0.09626759547500734,2.795496356198685,2.965733073402239,3.376780789141639,2.602283714306477,2.1517509427385626,1.7745063237281102,1.21259130720813,1.1852496809762432,1.2523849225947414,,,265852,136
User01,temperature,7,B,adaptation_target_mean,pooled,1,2.161904323734999,,,,2.577737002239314,1.8697206635651946,1.7745063237281105,1.7745063237281102,1.0000000000000002,,,-0.8806561957091472,7675,265852,136
User01,temperature,7,D,raw_tcn_bias_calibrated,pooled,3,2.8841332326596274,0.2022970705948942,2.675806224379976,3.0798062881436334,3.547393379018928,1.4100299408147956,3.2424755966713277,1.7745063237281102,1.8272550248562194,1.7001799141305571,1.9558584233957155,-0.49266275733153786,7675,265852,136
User01,temperature,7,E,full_fine_tuning,none,3,2.3051020152541626,0.09766310402280626,2.248300813498881,2.417872631520781,2.7828744044862277,1.9446527599600383,1.9893670829817331,1.7745063237281102,1.121081991301229,1.0934570508107175,1.1435366977220807,,,265852,136
User01,temperature,14,B,adaptation_target_mean,pooled,1,1.870824675575304,,,,2.27411276937324,1.422222273371984,1.7745063237281105,1.7745063237281102,1.0000000000000002,,,-1.3281545859023582,21418,265852,136
User01,temperature,14,D,raw_tcn_bias_calibrated,pooled,3,2.618958018387371,0.13758725625786933,2.461814970613493,2.717773059429716,3.2976173999167098,0.5626352402031854,3.2424755966713277,1.7745063237281102,1.82725502485622,1.7001799141305571,1.955858423395716,-1.3400574579431492,21418,265852,136
User01,temperature,14,E,full_fine_tuning,none,3,1.7531137203321425,0.049606042398125653,1.7116959553467817,1.8080890003611516,2.1302609051152595,1.185073935666072,1.76962915030541,1.7745063237281102,0.9972515322388631,0.9905406990347528,1.0103204222467537,,,265852,136
User01,humidity,0,A,training_mean,none,1,23.72182675677627,,,,25.222821288832197,23.717035738095024,8.584458606475414,8.584458606475415,0.9999999999999998,,,,,265852,136
User01,humidity,0,C,raw_tcn_base,none,3,20.679409168036404,1.3384972104773045,19.267175499700787,21.929375091538763,23.587964308657536,20.437775539327763,11.776224219012528,8.584458606475415,1.3718074439929744,1.295462159316604,1.4538992160232125,,,265852,136
User01,humidity,1,B,adaptation_target_mean,pooled,1,44.62837129112985,,,,45.446501005745574,44.62837129112985,8.584458606475415,8.584458606475415,1.0,,,20.91133555303482,1087,265852,136
User01,humidity,1,D,raw_tcn_bias_calibrated,pooled,3,51.349427651626144,0.4455237009876625,50.83559287404788,51.628064482283456,52.685474109389524,51.3488153141906,11.776224219012528,8.584458606475415,1.3718074439929744,1.2954621593166038,1.4538992160232125,30.91103977486284,1087,265852,136
User01,humidity,1,E,full_fine_tuning,none,3,27.831496573287875,2.2766679387375737,25.203912986262054,29.216494217473198,30.42076196084015,27.807758844613602,12.321542765131424,8.584458606475415,1.4353313738197837,1.3940872339672017,1.4842091421809203,,,265852,136
User01,humidity,3,B,adaptation_target_mean,pooled,1,44.15539015791513,,,,44.98212322205344,44.15539015791513,8.584458606475414,8.584458606475415,0.9999999999999998,,,20.438354419820104,3050,265852,136
User01,humidity,3,D,raw_tcn_bias_calibrated,pooled,3,47.16230702570122,0.9578216438093455,46.136063201096164,48.03255638121503,48.61406685168467,47.16052040795376,11.776224219012528,8.584458606475415,1.3718074439929742,1.2954621593166038,1.4538992160232123,26.722744868626005,3050,265852,136
User01,humidity,3,E,full_fine_tuning,none,3,34.18698577573662,1.2226971642996416,33.03066884306808,35.46670444547784,36.38137099647765,34.184078004966175,12.446389653682859,8.584458606475415,1.449874735757281,1.4108363991733595,1.4727640901525736,,,265852,136
User01,humidity,7,B,adaptation_target_mean,pooled,1,35.52395960310459,,,,36.54647227092235,35.52395960310459,8.584458606475415,8.584458606475415,1.0,,,11.806923865009562,7675,265852,136
User01,humidity,7,D,raw_tcn_bias_calibrated,pooled,3,36.091971101815325,1.1976762261552267,34.96889347085068,37.35240248330301,37.96261633977113,36.080308232669815,11.776224219012528,8.584458606475415,1.3718074439929744,1.295462159316604,1.4538992160232125,15.642532693342048,7675,265852,136
User01,humidity,7,E,full_fine_tuning,none,3,29.945473246830726,0.5059686481814449,29.55680087309718,30.51757207394241,32.13276791756807,29.933852395210682,11.674567130727375,8.584458606475415,1.3599654522093025,1.311862900015676,1.4176397582200526,,,265852,136
User01,humidity,14,B,adaptation_target_mean,pooled,1,19.094125299780526,,,,20.89804228526208,19.05348371795331,8.584458606475414,8.584458606475415,0.9999999999999998,,,-4.663552020141715,21418,265852,136
User01,humidity,14,D,raw_tcn_bias_calibrated,pooled,3,18.537981169413374,0.724901980874318,17.931866495142593,19.34099013730991,21.585497108125566,18.068465703472857,11.776224219012528,8.584458606475415,1.3718074439929744,1.295462159316604,1.4538992160232125,-2.3693098358549043,21418,265852,136
User01,humidity,14,E,full_fine_tuning,none,3,16.02809746872887,0.4219533963899137,15.78284313086788,16.515323596853243,19.173803139253817,15.450535706776114,11.337665203881985,8.584458606475415,1.320719887370623,1.2584124229034435,1.365467194912742,,,265852,136
User02,temperature,0,A,training_mean,none,1,4.854795038838032,,,,5.146049409486777,-4.854795038838032,1.7066896776370382,1.7066896776370382,1.0,,,,,95839,36
User02,temperature,0,C,raw_tcn_base,none,3,5.060396071292392,0.06784890680775464,4.98890344884399,5.12389265921062,5.3890008227604325,-5.060396071292392,1.852900242357028,1.7066896776370382,1.0856690976899928,1.0824312630328845,1.087559437523017,,,95839,36
User02,temperature,1,B,adaptation_target_mean,pooled,1,1.9797695907003794,,,,2.55793155379278,-1.905314718920716,1.7066896776370382,1.7066896776370382,1.0,,,2.949480319917316,3505,95839,36
User02,temperature,1,D,raw_tcn_bias_calibrated,pooled,3,2.076746110893834,0.01612158150501736,2.0594676737093387,2.09138508752862,2.6468799261963207,-1.8900875906580377,1.8529002423570278,1.7066896776370382,1.0856690976899928,1.0824312630328845,1.087559437523017,3.1703084806343544,3505,95839,36
User02,temperature,1,E,full_fine_tuning,none,3,4.338832839992601,0.02942456920705792,4.306003026325849,4.362827837457076,4.726841428370597,-4.338824472710357,1.875328125072171,1.7066896776370382,1.0988102580362575,1.0762874901085433,1.1211427275190575,,,95839,36
User02,temperature,3,B,adaptation_target_mean,pooled,1,1.8081720877056795,,,,2.346686478124572,-1.6106358281312037,1.7066896776370384,1.7066896776370382,1.0000000000000002,,,3.2441592107068304,10353,95839,36
User02,temperature,3,D,raw_tcn_bias_calibrated,pooled,3,1.8917479108851014,0.01207518962569863,1.88218724238415,1.9053177512569566,2.429681372266386,-1.5715077317747186,1.852900242357028,1.7066896776370382,1.0856690976899928,1.0824312630328845,1.087559437523017,3.488888339517674,10353,95839,36
User02,temperature,3,E,full_fine_tuning,none,3,2.7584095931347647,0.32205385682464627,2.3985679439920364,3.0195965075118463,3.3285092125930222,-2.708143651918428,1.9161529775086248,1.7066896776370382,1.1227307474910113,1.0580395586095654,1.200930535681554,,,95839,36
User02,temperature,7,B,adaptation_target_mean,pooled,1,1.810826203182461,,,,2.3508302803656447,-1.616667359518092,1.7066896776370384,1.7066896776370382,1.0000000000000002,,,3.23812767931994,23058,95839,36
User02,temperature,7,D,raw_tcn_bias_calibrated,pooled,3,1.8971347530865403,0.008303418778710698,1.8903408331702147,1.9063907874206232,2.4364430934935832,-1.5819942217680645,1.852900242357028,1.7066896776370382,1.0856690976899928,1.0824312630328845,1.087559437523017,3.478401849524328,23058,95839,36
User02,temperature,7,E,full_fine_tuning,none,3,1.9575689883515184,0.04003395555171544,1.9118088241160787,1.9861256120198576,2.5261649677899882,-1.788365994948702,1.783638274790287,1.7066896776370382,1.0450864607441621,1.0078337398914035,1.0818253137864993,,,95839,36
User02,temperature,14,B,adaptation_target_mean,pooled,1,1.4857309605818627,,,,1.9192358190410976,-0.877881810574485,1.7066896776370384,1.7066896776370382,1.0000000000000002,,,3.976913228263548,44800,95839,36
User02,temperature,14,D,raw_tcn_bias_calibrated,pooled,3,1.6099333281400778,0.0047552948604253084,1.6053342822140169,1.6148308140814962,2.0186217363359233,-0.800765242602235,1.852900242357028,1.7066896776370382,1.0856690976899928,1.0824312630328845,1.0875594375230173,4.259630828690159,44800,95839,36
User02,temperature,14,E,full_fine_tuning,none,3,1.550401069325698,0.033387878402672544,1.5226666791438146,1.5874599250980341,2.0357781325231734,-1.211919451770289,1.6357322952639037,1.7066896776370382,0.958423969334966,0.9430801857142566,0.9778008617830513,,,95839,36
User02,humidity,0,A,training_mean,none,1,25.052381038652857,,,,28.405965402484995,-24.85030876242971,13.7608511676816,13.7608511676816,1.0,,,,,95839,36
User02,humidity,0,C,raw_tcn_base,none,3,21.984249528121513,0.500287684304658,21.6751157584665,22.561445093247787,26.138611870817765,-21.363635863272275,15.058506788777612,13.7608511676816,1.0943005345587673,1.0919829673377133,1.0967988708808838,,,95839,36
User02,humidity,1,B,adaptation_target_mean,pooled,1,13.718377422050171,,,,16.64040243520681,9.356386500490062,13.7608511676816,13.7608511676816,1.0,,,34.20669526291976,3505,95839,36
User02,humidity,1,D,raw_tcn_bias_calibrated,pooled,3,15.07989844088159,0.03867420507400849,15.051886460501617,15.124024040207495,18.178445662814507,10.182642016863413,15.058506788777612,13.7608511676816,1.0943005345587673,1.0919829673377133,1.0967988708808838,31.546277880135687,3505,95839,36
User02,humidity,1,E,full_fine_tuning,none,3,17.28904405841806,0.4548657244863355,16.873888159285094,17.775256198050663,21.29928197536232,-15.315786810244221,14.800995563172561,13.7608511676816,1.0755872135245397,1.0553921753763096,1.097811242517025,,,95839,36
User02,humidity,3,B,adaptation_target_mean,pooled,1,15.534438863672138,,,,18.894003947185414,12.946905433236692,13.760851167681599,13.7608511676816,0.9999999999999999,,,37.7972141956664,10353,95839,36
User02,humidity,3,D,raw_tcn_bias_calibrated,pooled,3,16.7085241069524,0.02185029597032774,16.685367177103675,16.72877741389128,20.274868253901598,13.575938006088672,15.058506788777612,13.7608511676816,1.0943005345587673,1.0919829673377133,1.0967988708808838,34.93957386936095,10353,95839,36
User02,humidity,3,E,full_fine_tuning,none,3,12.701214709873694,0.8353980067179131,12.027385201105936,13.635921379946982,15.268022672097963,-0.980076098107452,15.092730437745997,13.7608511676816,1.0967875645070864,1.0508802161325885,1.160787784406686,,,95839,36
User02,humidity,7,B,adaptation_target_mean,pooled,1,16.692969025227423,,,,20.139936368787215,14.705645585274855,13.7608511676816,13.7608511676816,1.0,,,39.555954347704564,23058,95839,36
User02,humidity,7,D,raw_tcn_bias_calibrated,pooled,3,17.60390214275782,0.03417941813523432,17.564521329904217,17.625850049639823,21.32042020819968,15.093035963512227,15.058506788777612,13.7608511676816,1.0943005345587673,1.0919829673377133,1.0967988708808838,36.45667182678449,23058,95839,36
User02,humidity,7,E,full_fine_tuning,none,3,14.98660332767876,0.20912290853603865,14.804560917985707,15.21502108153374,18.339473412850474,11.39764387875911,14.354416660144787,13.7608511676816,1.0431343588583546,1.0100750039235842,1.0853811360501107,,,95839,36
User02,humidity,14,B,adaptation_target_mean,pooled,1,13.423178270849409,,,,16.23222313431847,8.609532102455958,13.7608511676816,13.7608511676816,1.0,,,33.45984086488566,44800,95839,36
User02,humidity,14,D,raw_tcn_bias_calibrated,pooled,3,14.699629894846497,0.041153982997881894,14.652354332432736,14.727440950000405,17.640467084375047,9.188388266179176,15.058506788777612,13.7608511676816,1.0943005345587673,1.0919829673377133,1.0967988708808838,30.552024129451453,44800,95839,36
User02,humidity,14,E,full_fine_tuning,none,3,12.234335770444973,0.16399673497479067,12.075163270105271,12.40276466484662,15.050262797213357,6.4314661027324895,13.604891803505216,13.7608511676816,0.9886664449548973,0.9783551621672296,0.9976533591437967,,,95839,36
User07,temperature,0,A,training_mean,none,1,1.5889514045308701,,,,1.9467161598143001,0.7092590169349485,1.8129135262826537,1.8129135262826535,1.0000000000000002,,,,,114838,85
User07,temperature,0,C,raw_tcn_base,none,3,1.8916833222862142,0.16274091922947834,1.7562015963313184,2.0721988865085224,2.3735085960035067,1.1261350598576405,2.0693312203394583,1.8129135262826535,1.1414395614238613,1.1122751334700476,1.1586262476468177,,,114838,85
User07,temperature,1,B,adaptation_target_mean,pooled,1,2.407764278521666,,,,2.867480138189349,-2.2216630908244834,1.8129135262826537,1.8129135262826535,1.0000000000000002,,,-2.9309221077594314,2075,114838,85
User07,temperature,1,D,raw_tcn_bias_calibrated,pooled,3,2.115804781767102,0.020147253500017396,2.0955401463248395,2.1358325649339873,2.563025627921594,-1.510867251626772,2.0693312203394583,1.8129135262826535,1.1414395614238613,1.1122751334700476,1.1586262476468177,-2.637002311484412,2075,114838,85
User07,temperature,1,E,full_fine_tuning,none,3,2.1637127215759784,0.010856872842756271,2.152760054182992,2.1744711945793944,2.5959516844351387,-1.8207027812022547,1.850346483952628,1.8129135262826535,1.0206479554194348,1.0183060912979474,1.0225785776210337,,,114838,85
User07,temperature,3,B,adaptation_target_mean,pooled,1,2.448363316093195,,,,2.916635964680136,-2.284755981869184,1.8129135262826537,1.8129135262826535,1.0000000000000002,,,-2.9940149988041345,5775,114838,85
User07,temperature,3,D,raw_tcn_bias_calibrated,pooled,3,2.1847899103347443,0.02330258445050121,2.1639201810451962,2.2099336580645277,2.6388412871252953,-1.636363106764154,2.0693312203394583,1.8129135262826535,1.1414395614238613,1.1122751334700476,1.1586262476468177,-2.762498166621794,5775,114838,85
User07,temperature,3,E,full_fine_tuning,none,3,2.3650192740558436,0.0040290166326329415,2.36232086003273,2.369650537792372,2.829857323511416,-2.1503381787807165,1.8396004107203865,1.8129135262826535,1.0147204398063343,1.0116786226112267,1.0163194808648568,,,114838,85
User07,temperature,7,B,adaptation_target_mean,pooled,1,2.366869746147666,,,,2.818527715561176,-2.1581109863971073,1.8129135262826535,1.8129135262826535,1.0,,,-2.867370003332055,12405,114838,85
User07,temperature,7,D,raw_tcn_bias_calibrated,pooled,3,2.0982034447348297,0.007772270925562518,2.090653933394871,2.1061808012942844,2.5436195023785078,-1.478034317713736,2.0693312203394583,1.8129135262826535,1.1414395614238613,1.1122751334700476,1.1586262476468177,-2.604169377571376,12405,114838,85
User07,temperature,7,E,full_fine_tuning,none,3,2.3331917055395777,0.009378889190650327,2.3224716151570908,2.3398834072533448,2.7922918499532923,-2.087848534423866,1.854082801687147,1.8129135262826535,1.0227089018905995,1.021032963610112,1.0259296388526553,,,114838,85
User07,temperature,14,B,adaptation_target_mean,pooled,1,2.326238950647099,,,,2.7704782048660532,-2.0949687419766487,1.8129135262826537,1.8129135262826535,1.0000000000000002,,,-2.8042277589115985,23932,114838,85
User07,temperature,14,D,raw_tcn_bias_calibrated,pooled,3,2.0745845863170773,0.008925808238829588,2.0645566659982557,2.081660260151051,2.517508971159593,-1.4322894518275113,2.0693312203394583,1.8129135262826535,1.1414395614238613,1.1122751334700476,1.1586262476468177,-2.558424511685153,23932,114838,85
User07,temperature,14,E,full_fine_tuning,none,3,2.3643315409682018,0.007764237374524842,2.3555002854855314,2.3700851062857415,2.8303149147143274,-2.1383175801940264,1.8542438955540266,1.8129135262826535,1.0227977609920096,1.0219412107593182,1.0237994883582848,,,114838,85
User07,humidity,0,A,training_mean,none,1,8.387674311928837,,,,9.971502532712394,-2.1516425999934827,9.736595754255333,9.736595754255333,1.0,,,,,114838,85
User07,humidity,0,C,raw_tcn_base,none,3,10.247411370441306,0.30463557184588186,10.048856284104133,10.598154099870527,12.58725878804916,3.7013212758999514,11.939780626102783,9.736595754255333,1.2262787659521097,1.194844331326121,1.2566185327782833,,,114838,85
User07,humidity,1,B,adaptation_target_mean,pooled,1,8.336912814007034,,,,9.85756473687418,-1.539573207055223,9.736595754255333,9.736595754255333,1.0,,,0.6120693929382569,2075,114838,85
User07,humidity,1,D,raw_tcn_bias_calibrated,pooled,3,9.885268765617036,0.21981853886467265,9.634320151699468,10.043739813448786,12.092862988982047,1.8920064950977846,11.939780626102783,9.736595754255333,1.2262787659521097,1.194844331326121,1.2566185327782833,-1.809314780802166,2075,114838,85
User07,humidity,1,E,full_fine_tuning,none,3,8.557301725143077,0.06362573883945918,8.48879843193236,8.614547039514408,10.327346125443016,-2.4996672714893173,10.016735159733434,9.736595754255333,1.028771802029027,1.022094180043899,1.0374395680669393,,,114838,85
User07,humidity,3,B,adaptation_target_mean,pooled,1,8.30672590916517,,,,9.79643093531095,-1.0810930526714106,9.736595754255333,9.736595754255333,1.0,,,1.0705495473220723,5775,114838,85
User07,humidity,3,D,raw_tcn_bias_calibrated,pooled,3,9.941235038368466,0.21762334227678934,9.692974701467946,10.099055308410309,12.171399297846625,2.349570086893871,11.939780626102783,9.736595754255333,1.2262787659521097,1.194844331326121,1.2566185327782833,-1.3517511890060796,5775,114838,85
User07,humidity,3,E,full_fine_tuning,none,3,8.346227878397928,0.04595956044504603,8.315330506179714,8.39904360197067,9.885595929120965,-1.0755923073809952,9.825389228758835,9.736595754255333,1.009119560547093,1.0023972367964173,1.0168701521120886,,,114838,85
User07,humidity,7,B,adaptation_target_mean,pooled,1,8.38318835543238,,,,9.959970960788054,-2.0975520632294993,9.736595754255333,9.736595754255333,1.0,,,0.054090536763989686,12405,114838,85
User07,humidity,7,D,raw_tcn_bias_calibrated,pooled,3,9.843137570459835,0.22092105944546064,9.597785617881915,10.026294362146377,12.034136096871615,1.4962393837218866,11.939780626102783,9.736595754255333,1.2262787659521097,1.194844331326121,1.2566185327782833,-2.205081892178065,12405,114838,85
User07,humidity,7,E,full_fine_tuning,none,3,8.384021433661141,0.03219210999088209,8.362498517246268,8.421029891647864,9.970830101490089,-1.8334762262835131,9.800403233373709,9.736595754255333,1.0065533663642643,1.0026970746976576,1.0117862897324494,,,114838,85
User07,humidity,14,B,adaptation_target_mean,pooled,1,8.28540733079049,,,,9.744916841618029,0.4026255931603458,9.736595754255333,9.736595754255333,1.0,,,2.5542681931538325,23932,114838,85
User07,humidity,14,D,raw_tcn_bias_calibrated,pooled,3,10.278028893722016,0.24864739802090685,9.996002573356344,10.465640278209184,12.636220571599724,4.133628754584129,11.939780626102783,9.736595754255333,1.2262787659521097,1.194844331326121,1.2566185327782833,0.43230747868417757,23932,114838,85
User07,humidity,14,E,full_fine_tuning,none,3,8.27528387601877,0.012250691893166918,8.262391425874716,8.286771727695735,9.729644519834851,0.6789613505900536,9.70527338425124,9.736595754255333,0.9967830265531562,0.9960288567186252,0.9982311946994684,,,114838,85
