subject_id,target,night_ordinal,primary_test,night_mean,rolling_mean_7,n_windows,minus_primary_mean,training_pool_mean
User01,temperature,1,0,27.782888684452622,27.761967805467552,1087,2.0903943643045686,28.442871179422394
User01,temperature,2,0,27.60069848661234,27.99518721296573,859,1.9082041664642873,28.442871179422394
User01,temperature,3,0,27.768115942028984,28.012118376396174,1104,2.0756216218809307,28.442871179422394
User01,temperature,4,0,27.896168108776266,27.763829520559888,809,2.203673788628212,28.442871179422394
User01,temperature,5,0,28.92806484295846,27.63095925987614,987,3.2355705228104057,28.442871179422394
User01,temperature,6,0,28.096774193548388,27.473006279547143,837,2.404279873400334,28.442871179422394
User01,temperature,7,0,26.27409638554217,27.25596765380394,1992,0.5816020653941152,28.442871179422394
User01,temperature,8,0,26.852796859666338,27.056793812480503,2038,1.160302539518284,28.442871179422394
User01,temperature,9,0,26.495027624309394,27.00297866646071,1810,0.80253330416134,28.442871179422394
User01,temperature,10,0,26.248845561826577,26.79174883686142,1949,0.5563512416785237,28.442871179422394
User01,temperature,11,0,26.501951219512193,26.83101246734708,2050,0.8094568993641396,28.442871179422394
User01,temperature,12,0,28.5513588208199,26.81762919917535,2171,2.858864500671846,28.442871179422394
User01,temperature,13,0,26.618165386353365,26.823055434579967,2213,0.9256710662053109,28.442871179422394
User01,temperature,14,0,26.548941798941797,26.88856107490824,1512,0.8564474787937435,28.442871179422394
User01,temperature,15,0,26.759113982464235,26.937862161196414,2167,1.0666196623161817,28.442871179422394
User01,temperature,16,1,26.533011272141707,27.027086033354415,1863,0.8405169519936528,28.442871179422394
User01,temperature,17,1,26.70738504412448,27.216878828283022,2153,1.0148907239764249,28.442871179422394
User01,temperature,18,1,26.847058823529412,27.21411832180848,2210,1.1545645033813585,28.442871179422394
User01,temperature,19,1,29.175925925925927,27.133278035236312,2052,3.4834316057778736,28.442871179422394
User01,temperature,20,1,27.946714950853597,27.108814240056407,1933,2.254220630705543,28.442871179422394
User01,temperature,21,1,26.529618253620008,27.018305734232293,2279,0.837123933471954,28.442871179422394
User01,temperature,22,1,26.19323197645905,27.0278320008793,2039,0.5007376563109958,28.442871179422394
User01,temperature,23,1,26.361764705882354,26.61938812209644,680,0.6692703857343005,28.442871179422394
User01,temperature,24,1,26.073825503355703,26.384107144950388,745,0.38133118320764936,28.442871179422394
User01,temperature,25,1,26.91374269005848,26.38708304449747,684,1.2212483699104268,28.442871179422394
User01,temperature,26,1,26.316818774445892,26.465192762146177,767,0.6243244542978381,28.442871179422394
User01,temperature,27,1,26.299748110831235,26.65232970430168,794,0.6072537906831812,28.442871179422394
User01,temperature,28,1,26.55044955044955,26.684102953038597,1001,0.8579552303014957,28.442871179422394
User01,temperature,29,1,26.74,26.643985377366338,1400,1.0475056798519446,28.442871179422394
User01,temperature,30,1,27.671723300970875,26.698512861910224,1648,1.9792289808228212,28.442871179422394
User01,temperature,31,1,26.296238244514107,26.799679182569673,1914,0.6037439243660536,28.442871179422394
User01,temperature,32,1,26.632919660352712,26.901542720817137,1531,0.9404253402046585,28.442871179422394
User01,temperature,33,1,26.698511166253102,26.959954845160546,1612,1.006016846105048,28.442871179422394
User01,temperature,34,1,27.007912355447353,26.874717477649718,1643,1.3154180352992988,28.442871179422394
User01,temperature,35,1,27.263494318181817,26.894501255457016,1408,1.5709999980337628,28.442871179422394
User01,temperature,36,1,27.148884870403858,26.79889792821191,1659,1.4563905502558043,28.442871179422394
User01,temperature,37,1,27.075061728395063,26.73897963225516,2025,1.3825674082470094,28.442871179422394
User01,temperature,38,1,26.434724689165186,26.659170325388715,2252,0.7422303690171326,28.442871179422394
User01,temperature,39,1,25.963696369636963,26.529142493132134,1818,0.2712020494889096,28.442871179422394
User01,temperature,40,1,26.279083094555872,26.443253733274705,1745,0.5865887744078186,28.442871179422394
User01,temperature,41,1,26.449247207382225,26.333108520226784,2059,0.7567528872341711,28.442871179422394
User01,temperature,42,1,26.353299492385787,26.33540780350764,1970,0.6608051722377333,28.442871179422394
User01,temperature,43,1,26.547663551401868,26.434956882071848,2140,0.8551692312538144,28.442871179422394
User01,temperature,44,1,26.30404523705959,26.458506784517347,2299,0.6115509169115363,28.442871179422394
User01,temperature,45,1,26.450819672131146,26.447395245047797,1708,0.7583253519830926,28.442871179422394
User01,temperature,46,1,26.660539919586444,26.396451745461054,1741,0.9680455994383905,28.442871179422394
User01,temperature,47,1,26.443932411674346,26.345718754344396,1953,0.7514380915262926,28.442871179422394
User01,temperature,48,1,26.371466431095406,26.27639464226184,2264,0.6789721109473525,28.442871179422394
User01,temperature,49,1,25.996694995278563,26.191009905498003,2118,0.3042006751305095,28.442871179422394
User01,temperature,50,1,26.192532613585247,26.112720448583584,2223,0.5000382934371927,28.442871179422394
User01,temperature,51,1,25.818776452481725,26.019594712504126,2599,0.12628213233367092,28.442871179422394
User01,temperature,52,1,25.853126514784293,25.72547454384778,2063,0.16063219463623923,28.442871179422394
User01,temperature,53,1,26.11251372118551,25.63554953266691,1822,0.4200194010374574,28.442871179422394
User01,temperature,54,1,25.792052259118126,25.751490597958984,1837,0.09955793897007226,28.442871179422394
User01,temperature,55,1,24.312625250501004,25.940850433606368,1996,-1.3798690696470501,28.442871179422394
User01,temperature,56,1,25.36721991701245,25.804895166583712,1928,-0.3252744031356052,28.442871179422394
User01,temperature,57,1,27.00412007062978,25.556731596637697,1699,1.3116257504817277,28.442871179422394
User01,temperature,58,1,27.144295302013422,25.46447221092651,1490,1.451800981865368,28.442871179422394
User01,temperature,59,1,24.901439645625693,25.597080600555014,903,-0.7910546745223606,28.442871179422394
User01,temperature,60,1,24.375368731563423,25.902112582805575,1356,-1.3171255885846307,28.442871179422394
User01,temperature,61,1,25.146236559139783,25.59075276796455,930,-0.5462577610082704,28.442871179422394
User01,temperature,62,1,25.240883977900552,25.3243017390915,905,-0.45161034224750196,28.442871179422394
User01,temperature,63,1,27.502443792766375,25.31543922825333,1023,1.809949472618321,28.442871179422394
User01,temperature,64,1,24.8246013667426,25.7311030612403,878,-0.8678929534054554,28.442871179422394
User01,temperature,65,1,25.279138099902056,26.07921938814285,1021,-0.4133562202459977,28.442871179422394
User01,temperature,66,1,24.839402069758528,26.16509347712566,2609,-0.8530922503895262,28.442871179422394
User01,temperature,67,1,27.28501556247221,26.134681175807398,2249,1.5925212423241568,28.442871179422394
User01,temperature,68,1,27.583050847457628,26.4260421352843,2065,1.890556527309574,28.442871179422394
User01,temperature,69,1,25.842002600780233,26.613916761819894,1538,0.1495082806321797,28.442871179422394
User01,temperature,70,1,27.289557683538533,26.669762466651218,2193,1.597063363390479,28.442871179422394
User01,temperature,71,1,26.864128083080917,26.78352862202259,2311,1.1716337629328635,28.442871179422394
User01,temperature,72,1,26.594260485651215,26.794971765383256,2265,0.9017661655031617,28.442871179422394
User01,temperature,73,1,25.230322003577818,27.133859869679657,2236,-0.4621723165702356,28.442871179422394
User01,temperature,74,1,28.081378650071805,26.799874719376998,2089,2.3888843299237514,28.442871179422394
User01,temperature,75,1,27.66315285098227,26.495800803102924,2087,1.9706585308342177,28.442871179422394
User01,temperature,76,1,28.21421933085502,26.177844473219974,2152,2.521725010706966,28.442871179422394
User01,temperature,77,1,24.951661631419938,26.12746571790606,1986,-0.7408326887281156,28.442871179422394
User01,temperature,78,1,24.735610669162376,25.693533354555914,2137,-0.9568836509856773,28.442871179422394
User01,temperature,79,1,24.368566176470587,25.60192445402468,2176,-1.3239281436774668,28.442871179422394
User01,temperature,80,1,24.877670716380393,25.64338175421969,2387,-0.8148236037676604,28.442871179422394
User01,temperature,81,1,25.043852106620808,26.093323397278567,2326,-0.6486422135272463,28.442871179422394
User01,temperature,82,1,27.02189054726368,26.371111450504266,2010,1.3293962271156268,28.442871179422394
User01,temperature,83,1,28.50442043222004,26.770425090127123,2036,2.811926112071987,28.442871179422394
User01,temperature,84,1,28.10125313283208,27.134346228924006,1995,2.4087588126840274,28.442871179422394
User01,temperature,85,1,26.68012704174229,27.488466598922138,2204,0.9876327215942347,28.442871179422394
User01,temperature,86,1,27.163761653830562,27.566895380567235,2467,1.4712673336825084,28.442871179422394
User01,temperature,87,1,27.425118687958566,27.382346637342096,2317,1.7326243678105122,28.442871179422394
User01,temperature,88,1,27.52269469660774,27.377102933532615,2093,1.8302003764596861,28.442871179422394
User01,temperature,89,1,27.570892018779343,27.38341410603058,2130,1.8783976986312894,28.442871179422394
User01,temperature,90,1,27.212579229644078,27.331262626726396,2051,1.520084909496024,28.442871179422394
User01,temperature,91,1,28.064547206165702,26.978964963845524,2076,2.3720528860176486,28.442871179422394
User01,temperature,92,1,26.724305249228056,26.666343982342557,2267,1.0318109290800024,28.442871179422394
User01,temperature,93,1,26.7987012987013,26.25422624075708,2464,1.1062069785532458,28.442871179422394
User01,temperature,94,1,24.959035047792444,26.13101419033083,2197,-0.7334592723556099,28.442871179422394
User01,temperature,95,1,25.334347826086958,25.852264659822993,2300,-0.35814649406109567,28.442871179422394
User01,temperature,96,1,24.686067827681025,25.956327070460027,2182,-1.0064264924670283,28.442871179422394
User01,temperature,97,1,26.350094876660343,26.0793684113136,2108,0.6576005565122891,28.442871179422394
User01,temperature,98,1,26.113300492610836,26.017617843235087,2436,0.4208061724627825,28.442871179422394
User01,temperature,99,1,27.45274212368728,26.040979061904384,2571,1.760247803539226,28.442871179422394
User01,temperature,100,1,27.65999068467629,26.12619783152169,2147,1.9674963645282375,28.442871179422394
User01,temperature,101,1,24.52678107124285,25.899723966723617,1923,-1.1657132489052024,28.442871179422394
User01,temperature,102,1,25.49787635677206,25.654383663114487,2119,-0.19461796337599324,28.442871179422394
User01,temperature,103,1,25.28259921500218,25.246269832418673,2293,-0.4098951051458748,28.442871179422394
User01,temperature,104,1,24.764777823073786,24.78325758584744,2453,-0.9277164970742682,28.442871179422394
User01,temperature,105,1,24.39591836734694,24.78946186695004,1960,-1.2965759528011134,28.442871179422394
User01,temperature,106,1,24.595945308816596,24.692527521339745,2121,-1.096549011331458,28.442871179422394
User01,temperature,107,1,24.418904958677686,24.56950653374671,1936,-1.2735893614703677,28.442871179422394
User01,temperature,108,1,24.570211038961038,24.51225702718622,2464,-1.1222832811870163,28.442871179422394
User01,temperature,109,1,24.8193359375,24.547693207737463,2048,-0.8731583826480538,28.442871179422394
User01,temperature,110,1,24.421452301850973,24.474056568292415,2107,-1.2710420182970807,28.442871179422394
User01,temperature,111,1,24.364031277150303,24.53786707313257,2302,-1.3284630429977504,28.442871179422394
User01,temperature,112,1,24.643971631205673,24.542098967554875,2820,-1.0485226889423807,28.442871179422394
User01,temperature,113,1,24.08048883270122,24.587237051485147,2373,-1.612005487446833,28.442871179422394
User01,temperature,114,1,24.86557849255881,24.566196761816478,2083,-0.826915827589243,28.442871179422394
User01,temperature,115,1,24.59983429991715,24.5735002567258,1207,-1.0926600202309054,28.442871179422394
User01,temperature,116,1,25.13530252501191,24.506312227108317,2099,-0.5571917951361449,28.442871179422394
User01,temperature,117,1,24.274170274170274,24.596328353750682,2079,-1.41832404597778,28.442871179422394
User01,temperature,118,1,24.415155741515573,24.558530587045322,2151,-1.277338578632481,28.442871179422394
User01,temperature,119,1,24.173655423883318,24.52672034845113,2194,-1.518838896264736,28.442871179422394
User01,temperature,120,1,24.710601719197708,24.51338492921025,2443,-0.9818926009503457,28.442871179422394
User01,temperature,121,1,24.60099412562133,24.650202499409563,2213,-1.0915001945267235,28.442871179422394
User01,temperature,122,1,24.377162629757784,24.66588828164489,2023,-1.3153316903902699,28.442871179422394
User01,temperature,123,1,25.041954590325766,24.691365553746,2026,-0.6505397298222881,28.442871179422394
User01,temperature,124,1,25.23189326556544,24.907823372662456,1574,-0.46060105458261447,28.442871179422394
User01,temperature,125,1,24.524956217162874,25.06385974814007,2284,-1.16753810298518,28.442871179422394
User01,temperature,126,1,24.351996328591095,25.135821092828216,2179,-1.3404979915569584,28.442871179422394
User01,temperature,127,1,26.225806451612904,25.10010774145911,2170,0.5333121314648501,28.442871179422394
User01,temperature,128,1,25.693248753964657,24.849892019475305,2207,0.0007544338166027842,28.442871179422394
User01,temperature,129,1,24.88089204257476,24.857354414517204,1973,-0.811602277573293,28.442871179422394
User01,temperature,130,1,24.79196113074205,24.921569459350103,2264,-0.9005331894060049,28.442871179422394
User01,temperature,131,1,23.48038321167883,24.69325316992093,2192,-2.212111108469223,28.442871179422394
User01,temperature,132,1,24.57719298245614,24.541099692644988,2280,-1.115301337691914,28.442871179422394
User01,temperature,133,1,24.8015016424214,24.321120895481126,2131,-0.8909926777266541,28.442871179422394
User01,temperature,134,1,24.627592425608658,24.236596588179612,2218,-1.0649018945393962,28.442871179422394
User01,temperature,135,1,24.62817441303306,24.093221467884707,2087,-1.0643199071149922,28.442871179422394
User01,temperature,136,1,23.341040462427745,23.900042477242636,1903,-2.3514538577203083,28.442871179422394
User01,temperature,137,1,24.200290979631426,23.824150562163226,2062,-1.4922033405166282,28.442871179422394
User01,temperature,138,1,22.476757369614514,23.849467107462242,1764,-3.2157369505335396,28.442871179422394
User01,temperature,139,1,23.22494004796163,23.67256825891084,2085,-2.4675542721864225,28.442871179422394
User01,temperature,140,1,24.270258236865537,23.595188124892868,2246,-1.4222360832825167,28.442871179422394
User01,temperature,141,1,24.804808242701775,23.615607282657887,1747,-0.8876860774462791,28.442871179422394
User01,temperature,142,1,23.389882473173223,23.892448619158106,1957,-2.3026118469748305,28.442871179422394
User01,temperature,143,1,22.799379524301965,24.057028155893846,1934,-2.8931147958460883,28.442871179422394
User01,temperature,144,1,24.343225083986564,24.101291193839852,1786,-1.34926923616149,28.442871179422394
User01,temperature,145,1,24.41464672511604,24.062997464418476,1939,-1.2778475950320143,28.442871179422394
User01,temperature,146,1,24.376996805111823,24.219860694857925,2191,-1.3154975150362311,28.442871179422394
User01,temperature,147,1,24.580099502487563,24.415559868960038,2010,-1.1123948176604905,28.442871179422394
User01,temperature,148,1,24.53675213675214,24.463792151794785,1755,-1.1557421833959154,28.442871179422394
User01,temperature,149,1,24.487925086249383,24.471983056241243,2029,-1.2045692338986704,28.442871179422394
User01,temperature,150,1,24.16927374301676,24.490980306467126,1790,-1.523220577131294,28.442871179422394
User01,temperature,151,1,24.680851063829788,24.468700507462017,2021,-1.0116432563182656,28.442871179422394
User01,humidity,1,0,69.71757129714811,69.48420379033612,1087,44.628371291129724,48.806235744113415
User01,humidity,2,0,68.26076833527357,69.89617762193456,859,43.17156832925518,48.806235744113415
User01,humidity,3,0,69.54438405797102,69.65740807403348,1104,44.45518405195263,48.806235744113415
User01,humidity,4,0,70.41409147095179,64.66382252587837,809,45.3248914649334,48.806235744113415
User01,humidity,5,0,71.54407294832826,59.910183783162275,987,46.454872942309876,48.806235744113415
User01,humidity,6,0,68.46356033452808,56.099450500854054,837,43.374360328509695,48.806235744113415
User01,humidity,7,0,34.70230923694779,52.816374599000675,1992,9.613109230929403,48.806235744113415
User01,humidity,8,0,36.44210009813543,47.74063330872535,2038,11.35290009211704,48.806235744113415
User01,humidity,9,0,41.58563535911602,40.40351530051184,1810,16.49643535309763,48.806235744113415
User01,humidity,10,0,46.562852744997436,35.39364769865846,1949,21.473652738979048,48.806235744113415
User01,humidity,11,0,34.88390243902439,35.22812506390174,2050,9.794702433006002,48.806235744113415
User01,humidity,12,0,20.184246890833716,35.03265859197482,2171,-4.9049531151846715,48.806235744113415
User01,humidity,13,0,33.39448712155445,33.71925941445522,2213,8.30528711553606,48.806235744113415
User01,humidity,14,0,33.54365079365079,31.937969389906126,1512,8.454450787632403,48.806235744113415
User01,humidity,15,0,35.07383479464698,31.720618104176076,2167,9.98463478862859,48.806235744113415
User01,humidity,16,1,32.3918411164788,30.903222210275295,1863,7.302641110460414,48.806235744113415
User01,humidity,17,1,34.09382257315374,27.824695596871646,2153,9.00462256713535,48.806235744113415
User01,humidity,18,1,33.36244343891403,26.72684690642282,2210,8.27324343289564,48.806235744113415
User01,humidity,19,1,14.462475633528266,25.62430720584934,2052,-10.626724372490122,48.806235744113415
User01,humidity,20,1,11.84480082772892,25.119800491730523,1933,-13.244399178289468,48.806235744113415
User01,humidity,21,1,25.858709960508996,24.94992555079102,2279,0.7695099544906085,48.806235744113415
User01,humidity,22,1,27.35605689063266,25.55478952067046,2039,2.266856884614274,48.806235744113415
User01,humidity,23,1,28.860294117647058,28.964787879598354,680,3.7710941116286705,48.806235744113415
User01,humidity,24,1,32.90469798657718,32.154105645482346,745,7.815497980558796,48.806235744113415
User01,humidity,25,1,37.59649122807018,32.96464244147642,684,12.50729122205179,48.806235744113415
User01,humidity,26,1,38.33246414602347,33.277756763222776,767,13.243264140005081,48.806235744113415
User01,humidity,27,1,34.170025188916874,32.07744775612479,794,9.080825182898487,48.806235744113415
User01,humidity,28,1,31.532467532467532,31.64271182939627,1001,6.443267526449144,48.806235744113415
User01,humidity,29,1,29.547857142857143,31.104573537880412,1400,4.458657136838756,48.806235744113415
User01,humidity,30,1,20.458131067961165,28.671399822585318,1648,-4.631068938057222,48.806235744113415
User01,humidity,31,1,29.861546499477534,25.244884616482334,1914,4.772346493459146,48.806235744113415
User01,humidity,32,1,33.82952318745917,22.1308713975584,1531,8.740323181440786,48.806235744113415
User01,humidity,33,1,21.300248138957816,20.072755923520685,1612,-3.7889518670605717,48.806235744113415
User01,humidity,34,1,10.184418746195982,19.574151661607363,1643,-14.904781259822405,48.806235744113415
User01,humidity,35,1,9.734375,19.576739664853786,1408,-15.354825006018388,48.806235744113415
User01,humidity,36,1,15.141048824593128,19.90983151187557,1659,-9.94815118142526,48.806235744113415
User01,humidity,37,1,16.9679012345679,20.248355212040824,2025,-8.121298771450487,48.806235744113415
User01,humidity,38,1,29.879662522202487,22.574538643774847,2252,4.7904625161841,48.806235744113415
User01,humidity,39,1,36.16116611661166,25.670933223180214,1818,11.071966110593273,48.806235744113415
User01,humidity,40,1,23.669914040114612,26.947245340361167,1745,-1.419285965903775,48.806235744113415
User01,humidity,41,1,26.467702768334142,28.64505153322318,2059,1.3785027623157546,48.806235744113415
User01,humidity,42,1,31.409137055837565,28.084624669061103,1970,6.319937049819178,48.806235744113415
User01,humidity,43,1,24.075233644859814,26.682262298582646,2140,-1.0139663611585732,48.806235744113415
User01,humidity,44,1,28.852544584602,27.493955509002966,2299,3.763344578583613,48.806235744113415
User01,humidity,45,1,25.956674473067917,28.24472033311273,1708,0.8674744670495294,48.806235744113415
User01,humidity,46,1,26.344629523262494,27.97448208380314,1741,1.2554295172441066,48.806235744113415
User01,humidity,47,1,29.351766513056834,28.338003426099686,1953,4.262566507038446,48.806235744113415
User01,humidity,48,1,31.723056537102472,28.20956043289458,2264,6.633856531084085,48.806235744113415
User01,humidity,49,1,29.517469310670442,28.657408958762655,2118,4.428269304652055,48.806235744113415
User01,humidity,50,1,26.619883040935672,28.171450436621818,2223,1.5306830349172849,48.806235744113415
User01,humidity,51,1,27.953443632166216,26.925848516994677,2599,2.864243626147829,48.806235744113415
User01,humidity,52,1,29.091614154144448,25.519663228699763,2063,4.002414148126061,48.806235744113415
User01,humidity,53,1,22.94291986827662,24.81081017364844,1822,-2.146280137741769,48.806235744113415
User01,humidity,54,1,20.63255307566685,23.691481048402522,1837,-4.456646930351539,48.806235744113415
User01,humidity,55,1,21.879759519038075,21.278860625398913,1996,-3.209440486980313,48.806235744113415
User01,humidity,56,1,24.555497925311204,20.63770770953236,1928,-0.5337020807071831,48.806235744113415
User01,humidity,57,1,18.784579164214243,21.312107273229888,1699,-6.3046208418041445,48.806235744113415
User01,humidity,58,1,11.06510067114094,23.109453761652293,1490,-14.024099334877448,48.806235744113415
User01,humidity,59,1,24.603543743078628,23.243915898238015,903,-0.4856562629397594,48.806235744113415
User01,humidity,60,1,27.663716814159294,22.107444123682313,1356,2.574516808140906,48.806235744113415
User01,humidity,61,1,33.21397849462365,21.480880422709305,930,8.124778488605266,48.806235744113415
User01,humidity,62,1,22.82099447513812,22.74232329590996,905,-2.268205530880266,48.806235744113415
User01,humidity,63,1,16.60019550342131,21.9067187607464,1023,-8.489004502597076,48.806235744113415
User01,humidity,64,1,14.398633257403189,20.88603025696413,878,-10.690566748615199,48.806235744113415
User01,humidity,65,1,19.895200783545544,18.813054429126165,1021,-5.1939992224728435,48.806235744113415
User01,humidity,66,1,18.75431199693369,18.44414401646014,2609,-6.334888009084697,48.806235744113415
User01,humidity,67,1,20.518897287683416,18.115420888390112,2249,-4.570302718334972,48.806235744113415
User01,humidity,68,1,18.70314769975787,17.54805725744131,2065,-6.386052306260517,48.806235744113415
User01,humidity,69,1,20.238621586475944,17.55943349366139,1538,-4.850578419542444,48.806235744113415
User01,humidity,70,1,14.299133606931145,16.958063596833906,2193,-10.790066399087243,48.806235744113415
User01,humidity,71,1,10.427087840761574,15.552744822712956,2311,-14.662112165256813,48.806235744113415
User01,humidity,72,1,19.97483443708609,14.827611736985347,2265,-5.114365568932296,48.806235744113415
User01,humidity,73,1,14.544722719141324,13.390243597440989,2236,-10.544477286877063,48.806235744113415
User01,humidity,74,1,10.681665868836763,15.042014612880115,2089,-14.407534137181624,48.806235744113415
User01,humidity,75,1,13.62721609966459,18.067638871473104,2087,-11.461983906353797,48.806235744113415
User01,humidity,76,1,10.177044609665428,19.43454802751963,2152,-14.91215539635296,48.806235744113415
User01,humidity,77,1,25.861530715005035,20.759866530686164,1986,0.7723307089866474,48.806235744113415
User01,humidity,78,1,31.606457650912493,23.384571431133633,2137,6.517257644894105,48.806235744113415
User01,humidity,79,1,29.543198529411764,23.46739272748574,2176,4.453998523393377,48.806235744113415
User01,humidity,80,1,23.82195224130708,23.694135442523713,2387,-1.267247764711307,48.806235744113415
User01,humidity,81,1,29.054600171969046,21.873888125915407,2326,3.9654001659506584,48.806235744113415
User01,humidity,82,1,14.206965174129353,20.23727724552837,2010,-10.882234831889035,48.806235744113415
User01,humidity,83,1,11.764243614931237,18.598961722217304,2036,-13.32495639108715,48.806235744113415
User01,humidity,84,1,13.119799498746866,17.482341502529998,1995,-11.969400507271521,48.806235744113415
User01,humidity,85,1,20.150181488203266,15.779025813503225,2204,-4.939018517815121,48.806235744113415
User01,humidity,86,1,18.074989866234294,15.512705503584007,2467,-7.014210139784094,48.806235744113415
User01,humidity,87,1,16.0056107034959,15.791004336611522,2317,-9.083589302522487,48.806235744113415
User01,humidity,88,1,17.131390348781654,15.581349522449775,2093,-7.957809657236734,48.806235744113415
User01,humidity,89,1,12.342723004694836,14.541872464427417,2130,-12.746477001323552,48.806235744113415
User01,humidity,90,1,13.712335446123841,14.07823754847187,2051,-11.376864559894546,48.806235744113415
User01,humidity,91,1,11.652215799614643,15.134591881290616,2076,-13.436984206403745,48.806235744113415
User01,humidity,92,1,12.873842082046759,16.10569760786218,2267,-12.215357923971629,48.806235744113415
User01,humidity,93,1,14.829545454545455,18.95545395222226,2464,-10.259654551472932,48.806235744113415
User01,humidity,94,1,23.400091033227127,20.127681986890934,2197,-1.68910897279126,48.806235744113415
User01,humidity,95,1,23.929130434782607,20.81916699229433,2300,-1.1600695712357805,48.806235744113415
User01,humidity,96,1,32.2910174152154,20.946596675411396,2182,7.201817409197012,48.806235744113415
User01,humidity,97,1,21.917931688804554,20.894228980228146,2108,-3.1712683172138334,48.806235744113415
User01,humidity,98,1,16.492610837438423,21.438960050958713,2436,-8.596589168579964,48.806235744113415
User01,humidity,99,1,13.7658498638662,21.31344077695451,2571,-11.323350142152188,48.806235744113415
User01,humidity,100,1,14.462971588262691,20.503129710161858,2147,-10.626228417755696,48.806235744113415
User01,humidity,101,1,27.213208528341134,22.321853929331528,1923,2.1240085223227467,48.806235744113415
User01,humidity,102,1,23.050495516753184,26.206072789289305,2119,-2.0387044892652035,48.806235744113415
User01,humidity,103,1,26.61883994766681,28.570161995104606,2293,1.5296399416484228,48.806235744113415
User01,humidity,104,1,34.649001222992254,30.14865129595492,2453,9.559801216973867,48.806235744113415
User01,humidity,105,1,43.68214285714286,29.299721227898765,1960,18.59294285112447,48.806235744113415
User01,humidity,106,1,30.314474304573313,29.912206243362593,2121,5.225274298554925,48.806235744113415
User01,humidity,107,1,25.512396694214875,30.268101845116345,1936,0.42319668819648726,48.806235744113415
User01,humidity,108,1,21.270698051948052,29.508141511535097,2464,-3.818501954070335,48.806235744113415
User01,humidity,109,1,27.337890625,28.048737111477205,2048,2.2486906189816125,48.806235744113415
User01,humidity,110,1,29.110109159943047,27.903878432002614,2107,4.020909153924659,48.806235744113415
User01,humidity,111,1,29.329278887923543,27.169544551332592,2302,4.240078881905156,48.806235744113415
User01,humidity,112,1,33.466312056737586,27.017842273110166,2820,8.377112050719198,48.806235744113415
User01,humidity,113,1,29.30046354825116,27.389431981006773,2373,4.211263542232771,48.806235744113415
User01,humidity,114,1,20.372059529524723,27.81711583014293,2083,-4.717140476493665,48.806235744113415
User01,humidity,115,1,20.20878210439105,28.5377587943507,1207,-4.880417901627336,48.806235744113415
User01,humidity,116,1,29.939018580276322,28.675531378509948,2099,4.8498185742579345,48.806235744113415
User01,humidity,117,1,32.103896103896105,30.084862268611253,2079,7.014696097877717,48.806235744113415
User01,humidity,118,1,34.373779637377964,30.558791147390018,2151,9.284579631359577,48.806235744113415
User01,humidity,119,1,34.43072014585233,32.42014513388934,2194,9.34152013983394,48.806235744113415
User01,humidity,120,1,39.16577977896029,32.677763830572474,2443,14.076579772941905,48.806235744113415
User01,humidity,121,1,23.689561680976052,30.87666268085996,2213,-1.3996383250423357,48.806235744113415
User01,humidity,122,1,33.23826000988631,29.310881301589802,2023,8.149060003867923,48.806235744113415
User01,humidity,123,1,31.742349457058243,27.57433510098584,2026,6.653149451039855,48.806235744113415
User01,humidity,124,1,19.49618805590851,24.400026863965177,1574,-5.593011950109876,48.806235744113415
User01,humidity,125,1,23.413309982486865,24.73740387024946,2284,-1.6758900235315224,48.806235744113415
User01,humidity,126,1,22.274896741624598,23.127521385309507,2179,-2.8143032643937893,48.806235744113415
User01,humidity,127,1,16.945622119815667,22.06532557695641,2170,-8.14357788620272,48.806235744113415
User01,humidity,128,1,26.051200724966016,23.59956409243142,2207,0.9620007189476283,48.806235744113415
User01,humidity,129,1,21.96908261530664,24.41100853102352,1973,-3.120117390711748,48.806235744113415
User01,humidity,130,1,24.306978798586574,25.494751578794386,2264,-0.7822212074318138,48.806235744113415
User01,humidity,131,1,30.235857664233578,27.148919435180375,2192,5.14665765821519,48.806235744113415
User01,humidity,132,1,29.09342105263158,27.001417490283114,2280,4.004221046613193,48.806235744113415
User01,humidity,133,1,29.861098076020646,27.871610102179478,2131,4.771898070002258,48.806235744113415
User01,humidity,134,1,28.524797114517582,28.526661350434605,2218,3.435597108499195,48.806235744113415
User01,humidity,135,1,25.018687110685192,28.284350618355884,2087,-0.07051289533319505,48.806235744113415
User01,humidity,136,1,28.06043089858119,28.674978717380423,1903,2.971230892562801,48.806235744113415
User01,humidity,137,1,28.892337536372455,28.24303454496328,2062,3.8031375303540678,48.806235744113415
User01,humidity,138,1,28.53968253968254,28.66049954136019,1764,3.450482533664154,48.806235744113415
User01,humidity,139,1,31.827817745803358,30.64870520048779,2085,6.738617739784971,48.806235744113415
User01,humidity,140,1,26.837488869100625,32.23366063276317,2246,1.7482888630822373,48.806235744113415
User01,humidity,141,1,31.447052089295937,33.03259561596896,1747,6.35785208327755,48.806235744113415
User01,humidity,142,1,38.936126724578436,33.892063350114356,1957,13.846926718560049,48.806235744113415
User01,humidity,143,1,39.15511892450879,34.523624367193634,1934,14.065918918490404,48.806235744113415
User01,humidity,144,1,34.48488241881299,36.02530506179973,1786,9.3956824127946,48.806235744113415
User01,humidity,145,1,34.55595667870036,36.43404935022347,1939,9.466756672681974,48.806235744113415
User01,humidity,146,1,36.24874486535828,36.32073518250048,2191,11.159544859339896,48.806235744113415
User01,humidity,147,1,37.34925373134328,36.57223854444215,2010,12.260053725324894,48.806235744113415
User01,humidity,148,1,34.308262108262106,36.761186917353655,1755,9.219062102243718,48.806235744113415
User01,humidity,149,1,38.1429275505175,37.12872529046253,2029,13.053727544499111,48.806235744113415
User01,humidity,150,1,40.91564245810056,37.30472137548338,1790,15.82644245208217,48.806235744113415
User01,humidity,151,1,35.80752102919347,37.293588286518414,2021,10.71832102317508,48.806235744113415
User02,temperature,1,0,28.91241084165478,29.178934064824343,3505,-1.9053147189207706,25.962930521737515
User02,temperature,2,0,29.361205915813425,29.184609910675714,3516,-1.4565196447621247,25.962930521737515
User02,temperature,3,0,29.354441776710683,29.17565454938755,3332,-1.463283783864867,25.962930521737515
User02,temperature,4,0,29.087677725118482,29.215016375916807,3376,-1.7300478354570679,25.962930521737515
User02,temperature,5,0,29.20731329408119,29.214863812022365,3227,-1.610412266494361,25.962930521737515
User02,temperature,6,0,29.13087774294671,29.036936059063546,3828,-1.6868478176288413,25.962930521737515
User02,temperature,7,0,29.45118733509235,29.37130057844555,2274,-1.3665382254832004,25.962930521737515
User02,temperature,8,0,28.91134289439374,29.75655075181013,3068,-1.906382666181809,25.962930521737515
User02,temperature,9,0,28.115711645101662,30.08535159587259,2705,-2.702013915473888,25.962930521737515
User02,temperature,10,0,31.694993412384715,30.44103365743921,3036,0.8772678518091652,25.962930521737515
User02,temperature,11,0,31.784428938670583,30.670464769743212,2723,0.9667033780950334,25.962930521737515
User02,temperature,12,0,31.508919202518364,31.004473607959078,2859,0.6911936419428137,25.962930521737515
User02,temperature,13,0,31.620652173913044,31.534819277745065,3680,0.8029266133374939,25.962930521737515
User02,temperature,14,0,31.057205121220377,31.599923508202096,3671,0.23947956064482767,25.962930521737515
User02,temperature,15,0,31.249404761904763,31.577655214246022,3360,0.43167920132921367,25.962930521737515
User02,temperature,16,1,31.82813133360357,31.390161411748256,2467,1.010405773028019,25.962930521737515
User02,temperature,17,1,32.15072302558398,31.22105140537176,3596,1.3329974650084289,25.962930521737515
User02,temperature,18,1,31.628550880978064,31.1810596748889,2781,0.8108253204025146,25.962930521737515
User02,temperature,19,1,30.196462585034013,31.15782573307097,3675,-0.6212629755415371,25.962930521737515
User02,temperature,20,1,30.436882129277567,30.973865767088572,2630,-0.3808434312979827,25.962930521737515
User02,temperature,21,1,30.777263007840343,30.867597782542,2806,-0.040462552735206714,25.962930521737515
User02,temperature,22,1,31.08676716917923,30.77694855799488,2985,0.2690416086036791,25.962930521737515
User02,temperature,23,1,30.54041157172681,30.810492995045507,3353,-0.27731398884873926,25.962930521737515
User02,temperature,24,1,31.40684713375796,30.848567485954458,3768,0.5891215731824104,25.962930521737515
User02,temperature,25,1,30.994006309148265,30.90227481136502,3170,0.17628074857271514,25.962930521737515
User02,temperature,26,1,30.431273644388398,30.991724825969104,3965,-0.386451916187152,25.962930521737515
User02,temperature,27,1,30.703403565640194,31.048202342857298,2468,-0.11432199493535578,25.962930521737515
User02,temperature,28,1,31.153214285714284,31.03325053318036,2800,0.3354887251387346,25.962930521737515
User02,temperature,29,1,31.712917271407836,30.993160137118487,3445,0.895191710832286,25.962930521737515
User02,temperature,30,1,30.935754189944134,30.99614015859077,3580,0.1180286293685846,25.962930521737515
User02,temperature,31,1,31.30218446601942,30.88944784593491,2472,0.48445890544386927,25.962930521737515
User02,temperature,32,1,30.713373536715146,30.793386512979815,2819,-0.10435202386040388,25.962930521737515
User02,temperature,33,1,30.452133794694348,30.677952774403938,2601,-0.36559176588120224,25.962930521737515
User02,temperature,34,1,29.95655737704918,30.694766344952054,1220,-0.8611681835263703,25.962930521737515
User02,temperature,35,1,30.480784955028618,30.452188748536198,1223,-0.33694060554693195,25.962930521737515
User02,temperature,36,1,30.90488110137672,30.322575504798664,3196,0.08715554080117016,25.962930521737515
User02,temperature,37,1,31.053449183780938,30.17658510237512,3798,0.23572362320538787,25.962930521737515
User02,temperature,38,1,29.604141291108405,30.122110133574427,2463,-1.2135842694671446,25.962930521737515
User02,temperature,39,1,29.806080830552467,29.92115996329809,2697,-1.0116447300230824,25.962930521737515
User02,temperature,40,1,29.430200977729495,29.71886091743077,1841,-1.387524582846055,25.962930521737515
User02,temperature,41,1,29.575232595444337,29.58282613398652,3117,-1.2424929651312127,25.962930521737515
User02,temperature,42,1,29.074133763094277,29.689181375286314,2482,-1.7435917974812725,25.962930521737515
User02,temperature,43,1,29.488787780305493,29.986825787975807,3077,-1.3289377802700564,25.962930521737515
User02,temperature,44,1,30.101205699671173,30.325171337491774,2737,-0.716519860904377,25.962930521737515
User02,temperature,45,1,30.348627980206928,30.628988591162656,2223,-0.46909758036862215,25.962930521737515
User02,temperature,46,1,31.889591719378952,31.06838242369343,1739,1.0718661588034024,25.962930521737515
User02,temperature,47,1,31.79861982434128,31.460539760685773,1594,0.9808942637657303,25.962930521737515
User02,temperature,48,1,31.701953371140515,31.771316202218788,1587,0.8842278105649655,25.962930521737515
User02,temperature,49,1,32.149890590809626,32.00843090588743,1828,1.3321650302340764,25.962930521737515
User02,temperature,50,1,32.233889139251914,32.03219874318912,2219,1.4161635786763647,25.962930521737515
User02,temperature,51,1,32.27664079040226,32.09059347290108,1417,1.4589152298267116,25.962930521737515
User02,humidity,1,0,64.91754636233952,70.64560775257328,3505,9.356386500487872,30.710851099421944
User02,humidity,2,0,70.37343572241183,71.07291632291391,3516,14.812275860560177,30.710851099421944
User02,humidity,3,0,70.31662665066027,70.35782908483857,3332,14.755466788808619,30.710851099421944
User02,humidity,4,0,76.97482227488152,70.39403317210312,3376,21.41366241302987,30.710851099421944
User02,humidity,5,0,72.78215060427642,71.52133656939974,3227,17.220990742424775,30.710851099421944
User02,humidity,6,0,66.78239289446186,71.44659964681595,3828,11.221233032610215,30.710851099421944
User02,humidity,7,0,70.61125769569041,68.69686886799964,2274,15.050097833838763,30.710851099421944
User02,humidity,8,0,72.80867014341591,66.33154485275897,3068,17.24751028156426,30.710851099421944
User02,humidity,9,0,69.85027726432533,63.18098428824458,2705,14.289117402473678,30.710851099421944
User02,humidity,10,0,51.068511198945984,60.743476297110284,3036,-4.4926486629056654,30.710851099421944
User02,humidity,11,0,60.417554168196844,58.23489836969153,2723,4.856394306345194,30.710851099421944
User02,humidity,12,0,50.72822665267576,55.5637193015845,2859,-4.832933209175891,30.710851099421944
User02,humidity,13,0,49.71983695652174,53.559629081473865,3680,-5.8413229053299105,30.710851099421944
User02,humidity,14,0,53.05121220375919,53.192023556628406,3671,-2.5099476580924573,30.710851099421944
User02,humidity,15,0,54.110416666666666,52.00703264165664,3360,-1.4507431951849838,30.710851099421944
User02,humidity,16,1,55.82164572355087,52.22136760964174,2467,0.26048586169922316,30.710851099421944
User02,humidity,17,1,48.49527252502781,52.65508997815602,3596,-7.065887336823842,30.710851099421944
User02,humidity,18,1,52.122617763394466,50.708154765665014,2781,-3.4385420984571837,30.710851099421944
User02,humidity,19,1,52.22857142857143,49.55220388028573,3675,-3.332588433280222,30.710851099421944
User02,humidity,20,1,52.755893536121675,48.59481058170169,2630,-2.805266325729974,30.710851099421944
User02,humidity,21,1,39.422665716322165,49.77364031804137,2806,-16.138494145529485,30.710851099421944
User02,humidity,22,1,46.018760469011724,50.636655265767345,2985,-9.542399392839926,30.710851099421944
User02,humidity,23,1,49.11989263346257,52.09205841063186,3353,-6.44126722838908,30.710851099421944
User02,humidity,24,1,56.74708067940552,53.61801666212824,3768,1.1859208175538711,30.710851099421944
User02,humidity,25,1,58.16372239747634,56.7119215597965,3170,2.602562535624692,30.710851099421944
User02,humidity,26,1,62.41639344262295,59.14075714695199,3965,6.855233580771298,30.710851099421944
User02,humidity,27,1,63.43760129659643,61.054196267949756,2468,7.876441434744784,30.710851099421944
User02,humidity,28,1,61.08,62.17851530172863,2800,5.518840138148349,30.710851099421944
User02,humidity,29,1,63.020609579100146,62.97502199414814,3445,7.459449717248496,30.710851099421944
User02,humidity,30,1,62.513966480446925,63.61801428588966,3580,6.952806618595275,30.710851099421944
User02,humidity,31,1,64.61731391585761,62.50608529504098,2472,9.056154054005958,30.710851099421944
User02,humidity,32,1,63.73926924441291,62.11526179311363,2819,8.17810938256126,30.710851099421944
User02,humidity,33,1,66.91733948481354,61.41720760865074,2601,11.35617962296189,30.710851099421944
User02,humidity,34,1,55.65409836065574,61.15650480669718,1220,0.092938498804088,30.710851099421944
User02,humidity,35,1,58.34423548650859,61.47600807363311,1223,2.783075624656938,30.710851099421944
User02,humidity,36,1,58.13423028785982,61.28315839133101,3196,2.5730704260081723,30.710851099421944
User02,humidity,37,1,60.68904686677199,60.53388998196174,3798,5.127887004920339,30.710851099421944
User02,humidity,38,1,66.85383678440925,62.61396585206743,2463,11.292676922557604,30.710851099421944
User02,humidity,39,1,62.38932146829811,64.02593819709367,2697,6.828161606446457,30.710851099421944
User02,humidity,40,1,61.67246061922868,65.51667469387881,1841,6.11130075737703,30.710851099421944
User02,humidity,41,1,70.21462945139557,63.968529108286916,3117,14.653469589543917,30.710851099421944
User02,humidity,42,1,68.22804190169218,59.48250127127504,2482,12.66688203984053,30.710851099421944
User02,humidity,43,1,68.56938576535586,55.871638703841356,3077,13.008225903504211,30.710851099421944
User02,humidity,44,1,49.85202776762879,53.21660175931272,2737,-5.709132094222859,30.710851099421944
User02,humidity,45,1,35.451641925326136,49.34545071607166,2223,-20.109517936525513,30.710851099421944
User02,humidity,46,1,37.11328349626222,44.8676560461519,1739,-18.44787636558943,30.710851099421944
User02,humidity,47,1,43.087202007528234,39.13261020740056,1594,-12.473957854323416,30.710851099421944
User02,humidity,48,1,43.11657214870826,36.876100141191266,1587,-12.444587713143392,30.710851099421944
User02,humidity,49,1,36.88347921225383,37.11350984383545,1828,-18.677680649597818,30.710851099421944
User02,humidity,50,1,28.42406489409644,37.1135551133501,2219,-27.13709496775521,30.710851099421944
User02,humidity,51,1,34.05645730416373,35.62014338980556,1417,-21.50470255768792,30.710851099421944
User07,temperature,1,0,24.452530120481928,24.430648588280942,2075,-2.2216630908244355,27.38345222824131
User07,temperature,2,0,24.370849746764208,24.49434586024413,1777,-2.3033434645421558,27.38345222824131
User07,temperature,3,0,24.338533541341654,24.531726396343114,1923,-2.335659669964709,27.38345222824131
User07,temperature,4,0,24.56068094453597,24.53060279277504,1821,-2.1135122667703925,27.38345222824131
User07,temperature,5,0,24.749134948096884,24.516002847059355,1156,-1.925058263209479,27.38345222824131
User07,temperature,6,0,24.71862907683803,24.530628555577373,1809,-1.9555641344683323,27.38345222824131
User07,temperature,7,0,24.523861171366594,24.5613195906024,1844,-2.1503320399397694,27.38345222824131
User07,temperature,8,0,24.350330500472143,24.567217782623313,2118,-2.32386271083422,27.38345222824131
User07,temperature,9,0,24.473229706390327,24.545863838418562,1737,-2.200963504916036,27.38345222824131
User07,temperature,10,0,24.553370786516854,24.638104956841925,1780,-2.120822424789509,27.38345222824131
User07,temperature,11,0,24.60196828868234,24.678722008927583,1829,-2.0722249226240237,27.38345222824131
User07,temperature,12,0,24.599657338663622,24.71039089764445,1751,-2.074535872642741,27.38345222824131
User07,temperature,13,0,25.364316905801623,24.82772989653878,1603,-1.3098763055047407,27.38345222824131
User07,temperature,14,0,24.808180535966148,24.845272041766204,709,-1.8660126753402153,27.38345222824131
User07,temperature,15,0,24.572012721490232,24.87350573714848,2201,-2.1021804898161314,27.38345222824131
User07,temperature,16,1,25.294602698650674,24.854178416128377,1334,-1.3795905126556889,27.38345222824131
User07,temperature,17,1,24.67616580310881,24.772739695122713,1930,-1.9980274081975544,27.38345222824131
User07,temperature,18,1,24.79960415635824,24.861450537007034,2021,-1.8745890549481246,27.38345222824131
User07,temperature,19,1,24.46436609152288,24.803543957746523,1333,-2.2098271197834833,27.38345222824131
User07,temperature,20,1,24.794245858761986,24.731367294106388,1147,-1.8799473525443773,27.38345222824131
User07,temperature,21,1,25.42915642915643,24.708585887636666,1221,-1.2450367821499349,27.38345222824131
User07,temperature,22,1,24.166666666666668,24.682732318726842,2304,-2.5075265446396955,27.38345222824131
User07,temperature,23,1,24.789366053169733,24.63965011960563,1467,-1.8848271581366305,27.38345222824131
User07,temperature,24,1,24.516695957820737,24.58241456647068,1138,-2.1574972534856265,27.38345222824131
User07,temperature,25,1,24.618629173989454,24.473668690836128,1138,-2.055564037316909,27.38345222824131
User07,temperature,26,1,24.162790697674417,24.479380899383667,1247,-2.511402513631946,27.38345222824131
User07,temperature,27,1,24.393596986817325,24.419219122964225,1062,-2.280596224489038,27.38345222824131
User07,temperature,28,1,24.667935299714557,24.41132915262034,1051,-2.006257911591806,27.38345222824131
User07,temperature,29,1,24.206652126499456,24.511787710687525,1834,-2.467541084806907,27.38345222824131
User07,temperature,30,1,24.368233618233617,24.479262982355635,1404,-2.305959593072746,27.38345222824131
User07,temperature,31,1,24.461466165413533,24.45550237384926,1064,-2.21272704589283,27.38345222824131
User07,temperature,32,1,25.32183908045977,24.212256958362087,870,-1.3523541308465923,27.38345222824131
User07,temperature,33,1,23.935117599351177,24.308244352570117,1233,-2.7390756119551867,27.38345222824131
User07,temperature,34,1,24.227272727272727,24.33648545810498,1232,-2.4469204840336367,27.38345222824131
User07,temperature,35,1,22.965217391304346,24.349123007458044,345,-3.708975820002017,27.38345222824131
User07,temperature,36,1,24.87856388595565,24.17310936592716,947,-1.7956293253507134,27.38345222824131
User07,temperature,37,1,24.56592135697764,24.199321532017297,1297,-2.1082718543287235,27.38345222824131
User07,temperature,38,1,24.549929010885,24.314040146735913,2113,-2.124264200421365,27.38345222824131
User07,temperature,39,1,24.08974358974359,24.611635818945892,1014,-2.584449621562772,27.38345222824131
User07,temperature,40,1,24.118602761982128,24.755464420262143,1231,-2.555590449324235,27.38345222824131
User07,temperature,41,1,25.03030303030303,24.817590307582236,891,-1.6438901810033322,27.38345222824131
User07,temperature,42,1,25.048387096774192,24.978824938680297,1116,-1.6258061145321712,27.38345222824131
User07,temperature,43,1,25.88536409516943,25.254676230842755,1387,-0.7888291161369345,27.38345222824131
User07,temperature,44,1,25.000802568218297,25.523447264845313,1246,-1.6733906430880658,27.38345222824131
User07,temperature,45,1,25.678571428571427,25.659543102416745,1428,-0.9956217827349363,27.38345222824131
User07,temperature,46,1,26.020702634880802,25.676303347486225,1594,-0.6534905764255612,27.38345222824131
User07,temperature,47,1,26.0,25.682519368842836,1785,-0.6741932113063633,27.38345222824131
User07,temperature,48,1,25.982973893303065,25.819618120120293,881,-0.6912193180032986,27.38345222824131
User07,temperature,49,1,25.165708812260537,25.86553648746723,1044,-1.5084843990458268,27.38345222824131
User07,temperature,50,1,25.92887624466572,26.000541799805866,703,-0.7453169666406438,27.38345222824131
User07,temperature,51,1,25.960493827160494,26.135426425162358,1215,-0.713699384145869,27.38345222824131
User07,temperature,52,1,26.0,26.25313092195392,2037,-0.6741932113063633,27.38345222824131
User07,temperature,53,1,26.96573982125124,26.465475948117785,2014,0.29154660994487713,27.38345222824131
User07,temperature,54,1,26.94419237749546,26.49665842720574,2204,0.26999916618909836,27.38345222824131
User07,temperature,55,1,26.80690537084399,26.64224860930774,782,0.1327121595376255,27.38345222824131
User07,temperature,56,1,26.652123995407578,26.822899419172035,871,-0.02206921589878519,27.38345222824131
User07,temperature,57,1,26.147153598281417,26.92510696764335,931,-0.5270396130249466,27.38345222824131
User07,temperature,58,1,26.97962510187449,26.98472941340799,1227,0.30543189056812636,27.38345222824131
User07,temperature,59,1,27.26455566905005,27.037955386071303,979,0.5903624577436872,27.38345222824131
User07,temperature,60,1,27.681192660550458,27.074911378052924,872,1.0069994492440948,27.38345222824131
User07,temperature,61,1,27.36154949784792,27.193647304690682,1394,0.6873562865415579,27.38345222824131
User07,temperature,62,1,27.17948717948718,27.201627128846862,1209,0.5052939681808155,27.38345222824131
User07,temperature,63,1,26.910815939278937,27.15198897721042,1054,0.23662272797257344,27.38345222824131
User07,temperature,64,1,26.978305084745763,27.051457606506347,1475,0.3041118734393997,27.38345222824131
User07,temperature,65,1,27.03548387096774,27.057693217779274,1550,0.3612906596613783,27.38345222824131
User07,temperature,66,1,26.917088607594938,27.176789034243512,1580,0.24289539628857426,27.38345222824131
User07,temperature,67,1,26.97747306562194,27.312448106896912,1021,0.30327985431557636,27.38345222824131
User07,temperature,68,1,27.40519877675841,27.447193935584462,1308,0.7310055654520475,27.38345222824131
User07,temperature,69,1,28.013157894736842,27.655891422456182,1368,1.3389646834304791,27.38345222824131
User07,temperature,70,1,27.86042944785276,27.841576525422365,1304,1.1862362365463959,27.38345222824131
User07,temperature,71,1,27.921525885558584,27.9453735301061,1835,1.2473326742522204,27.38345222824131
User07,temperature,72,1,28.49636627906977,27.91203840479428,1376,1.822173067763405,27.38345222824131
User07,temperature,73,1,28.21688432835821,27.836400552008772,2144,1.5426911170518451,27.38345222824131
User07,temperature,74,1,27.704052098408106,27.784053224212375,1382,1.0298588871017422,27.38345222824131
User07,temperature,75,1,27.171852899575672,27.707525286976825,1414,0.49765968826930873,27.38345222824131
User07,temperature,76,1,27.483692925238334,27.559443721629346,1993,0.8094997139319702,27.38345222824131
User07,temperature,77,1,27.493998153277932,27.602316002044194,3249,0.8198049419715687,27.38345222824131
User07,temperature,78,1,27.385830324909747,27.63870177585597,2216,0.7116371136033841,27.38345222824131
User07,temperature,79,1,27.459795321637426,27.79823096362092,1368,0.7856021103310624,27.38345222824131
User07,temperature,80,1,28.516990291262136,27.871989117158304,824,1.8427970799557727,27.38345222824131
User07,temperature,81,1,27.958752515090545,27.98876517055235,994,1.2845593037841816,27.38345222824131
User07,temperature,82,1,28.28855721393035,28.113085534778662,804,1.6143640026239865,27.38345222824131
User07,temperature,83,1,28.0,28.190483492783027,906,1.3258067886936367,27.38345222824131
User07,temperature,84,1,28.311430527036276,28.136512613916175,1461,1.6372373157299123,27.38345222824131
User07,temperature,85,1,28.256072874493928,28.231452730808,988,1.5818796631875642,27.38345222824131
User07,temperature,86,1,28.001581027667985,28.27701437201633,1265,1.3273878163616217,27.38345222824131
User07,temperature,87,1,28.13919413919414,28.37683800517329,819,1.4650009278877754,27.38345222824131
User07,temperature,88,1,28.623333333333335,28.465058511296473,1200,1.9491401220269715,27.38345222824131
User07,temperature,89,1,28.607488702388636,28.569982079026712,1549,1.9332954910822728,27.38345222824131
User07,temperature,90,1,28.698765432098764,28.712613360788428,810,2.0245722207924004,27.38345222824131
User07,temperature,91,1,28.928974069898533,28.844186972915516,1774,2.25478085859217,27.38345222824131
User07,temperature,92,1,28.990537848605577,29.023067884503455,2008,2.3163446372992134,27.38345222824131
User07,temperature,93,1,29.0,29.239181542500113,1213,2.3258067886936367,27.38345222824131
User07,temperature,94,1,29.06020942408377,29.285772797137344,764,2.386016212777406,27.38345222824131
User07,temperature,95,1,29.875499714448885,29.29591935858041,1751,3.201306503142522,27.38345222824131
User07,temperature,96,1,30.12028430836523,29.421864660733952,1829,3.446091097058865,27.38345222824131
User07,temperature,97,1,29.02490421455939,29.36640570585155,1044,2.350711003253025,27.38345222824131
User07,temperature,98,1,29.0,29.417438419479513,785,2.3258067886936367,27.38345222824131
User07,temperature,99,1,29.872154963680387,29.32582616048564,2065,3.197961752374024,27.38345222824131
User07,temperature,100,1,28.61178731582319,29.12721162351574,1561,1.9375941045168261,27.38345222824131
User07,humidity,1,0,37.694939759036146,37.029941644419026,2075,-1.53957320705522,37.08287036609788
User07,humidity,2,0,43.52729319077096,35.79782874806117,1777,4.292780224679596,37.08287036609788
User07,humidity,3,0,33.68226729069163,35.804713564235605,1923,-5.552245675399739,37.08287036609788
User07,humidity,4,0,33.215266337177376,36.83671760727477,1821,-6.01924662891399,37.08287036609788
User07,humidity,5,0,30.869377162629757,37.39068479939412,1156,-8.365135803461609,37.08287036609788
User07,humidity,6,0,35.8391376451078,37.007025923469364,1809,-3.395375320983568,37.08287036609788
User07,humidity,7,0,43.02874186550976,38.21357200874776,1844,3.7942288994183926,37.08287036609788
User07,humidity,8,0,41.57271010387158,40.374337287924725,2118,2.338197137780213,37.08287036609788
User07,humidity,9,0,40.84168105929764,43.23504713439901,1737,1.6071680932062762,37.08287036609788
User07,humidity,10,0,42.12808988764045,43.099485451384325,1780,2.8935769215490836,37.08287036609788
User07,humidity,11,0,48.34062329141607,41.0772452775688,1829,9.106110325324707,37.08287036609788
User07,humidity,12,0,50.89434608794974,39.845627510409635,1751,11.659833121858377,37.08287036609788
User07,humidity,13,0,34.89020586400499,38.07556941091262,1603,-4.3443071020863755,37.08287036609788
User07,humidity,14,0,28.87306064880113,34.81189705834815,709,-10.361452317290237,37.08287036609788
User07,humidity,15,0,32.951385733757384,31.243621121969277,2201,-6.283127232333982,37.08287036609788
User07,humidity,16,1,28.45127436281859,27.98950437829368,1334,-10.783238603272775,37.08287036609788
User07,humidity,17,1,19.28238341968912,27.407107301943736,1930,-19.952129546402247,37.08287036609788
User07,humidity,18,1,23.362691736763978,28.169596239326886,2021,-15.871821229327388,37.08287036609788
User07,humidity,19,1,28.115528882220556,27.759564447996468,1333,-11.11898408387081,37.08287036609788
User07,humidity,20,1,30.813426329555362,27.70882732751201,1147,-8.421086636536003,37.08287036609788
User07,humidity,21,1,34.21048321048321,29.291635219602615,1221,-5.024029755608154,37.08287036609788
User07,humidity,22,1,30.081163194444443,30.66123813242745,2304,-9.153349771646923,37.08287036609788
User07,humidity,23,1,28.096114519427402,31.62571693685762,1467,-11.138398446663963,37.08287036609788
User07,humidity,24,1,30.362038664323375,32.14510639583155,1138,-8.87247430176799,37.08287036609788
User07,humidity,25,1,32.94991212653778,32.663222767420805,1138,-6.284600839553583,37.08287036609788
User07,humidity,26,1,34.866880513231756,33.42160777298155,1247,-4.36763245285961,37.08287036609788
User07,humidity,27,1,34.44915254237288,35.27753524700719,1062,-4.785360423718487,37.08287036609788
User07,humidity,28,1,37.83729781160799,36.14633101246905,1051,-1.3972151544833764,37.08287036609788
User07,humidity,29,1,35.38985823336969,35.425571808842136,1834,-3.844654732721679,37.08287036609788
User07,humidity,30,1,41.087606837606835,36.22352527045553,1404,1.853093871515469,37.08287036609788
User07,humidity,31,1,36.443609022556394,36.157969155867946,1064,-2.790903943534971,37.08287036609788
User07,humidity,32,1,27.904597701149424,35.49963882667343,870,-11.329915264941942,37.08287036609788
User07,humidity,33,1,40.45255474452555,35.16969528360493,1233,1.2180417784341842,37.08287036609788
User07,humidity,34,1,33.99025974025974,33.617913582054534,1232,-5.244253225831628,37.08287036609788
User07,humidity,35,1,33.22898550724638,34.68123953265546,345,-6.005527458844988,37.08287036609788
User07,humidity,36,1,33.08025343189018,37.682329689183284,947,-6.154259534201188,37.08287036609788
User07,humidity,37,1,30.22513492675405,38.22113729153782,1297,-9.009378039337317,37.08287036609788
User07,humidity,38,1,43.886890676762896,40.448598983285216,2113,4.65237771067153,37.08287036609788
User07,humidity,39,1,48.91222879684418,42.54555906699145,1014,9.677715830752817,37.08287036609788
User07,humidity,40,1,44.22420796100731,42.63317761575737,1231,4.9896949949159435,37.08287036609788
User07,humidity,41,1,49.582491582491585,41.68173091560424,891,10.34797861640022,37.08287036609788
User07,humidity,42,1,47.907706093189965,39.433883788111515,1116,8.6731931270986,37.08287036609788
User07,humidity,43,1,33.69358327325162,38.42330010804612,1387,-5.540929692839747,37.08287036609788
User07,humidity,44,1,23.565008025682182,37.88546807840242,1246,-15.669504940409183,37.08287036609788
User07,humidity,45,1,28.151960784313726,36.51897301043176,1428,-11.08255218177764,37.08287036609788
User07,humidity,46,1,41.83814303638645,33.92255194293171,1594,2.6036300702950825,37.08287036609788
User07,humidity,47,1,40.4593837535014,35.31808353384902,1785,1.2248707874100333,37.08287036609788
User07,humidity,48,1,40.01702610669694,38.72778550313723,881,0.7825131406055732,37.08287036609788
User07,humidity,49,1,29.732758620689655,41.55298052960142,1044,-9.50175434540171,37.08287036609788
User07,humidity,50,1,43.46230440967283,43.38359337714843,703,4.2277914435814665,37.08287036609788
User07,humidity,51,1,47.43292181069959,44.83157874189323,1215,8.198408844608224,37.08287036609788
User07,humidity,52,1,47.92832596956308,45.32019503428692,2037,8.693813003471718,37.08287036609788
User07,humidity,53,1,54.65243296921549,46.38215456214969,2014,15.417920003124124,37.08287036609788
User07,humidity,54,1,50.595281306715066,46.76662511525611,2204,11.3607683406237,37.08287036609788
User07,humidity,55,1,43.43734015345269,43.627354529422085,782,4.202827187361322,37.08287036609788
User07,humidity,56,1,37.166475315729045,40.779575290519084,871,-2.068037650362321,37.08287036609788
User07,humidity,57,1,46.15359828141783,38.027786045899845,931,6.919085315326463,37.08287036609788
User07,humidity,58,1,25.45802770986145,36.59738820396904,1227,-13.776485256229915,37.08287036609788
User07,humidity,59,1,27.993871297242084,34.91964458521395,979,-11.240641668849282,37.08287036609788
User07,humidity,60,1,35.38990825688074,34.479896010698035,872,-3.8446047092106284,37.08287036609788
User07,humidity,61,1,40.58249641319943,31.840519985023338,1394,1.3479834471080636,37.08287036609788
User07,humidity,62,1,31.69313482216708,33.09490312324589,1209,-7.541378143924284,37.08287036609788
User07,humidity,63,1,34.088235294117645,33.85626689814259,1054,-5.146277671973721,37.08287036609788
User07,humidity,64,1,27.677966101694917,33.34457019599131,1475,-11.556546864396449,37.08287036609788
User07,humidity,65,1,34.23870967741936,33.805152840326734,1550,-4.995803288672008,37.08287036609788
User07,humidity,66,1,33.323417721518986,34.78090383899793,1580,-5.91109524457238,37.08287036609788
User07,humidity,67,1,31.808031341821742,34.5054810932125,1021,-7.426481624269623,37.08287036609788
User07,humidity,68,1,43.8065749235474,35.13809551153791,1308,4.572061957456036,37.08287036609788
User07,humidity,69,1,38.5233918128655,35.15953814898298,1368,-0.7111211532258679,37.08287036609788
User07,humidity,70,1,32.160276073619634,37.54930310134595,1304,-7.074236892471731,37.08287036609788
User07,humidity,71,1,32.10626702997275,39.06266889477187,1835,-7.128245936118617,37.08287036609788
User07,humidity,72,1,34.38880813953488,38.985229316887846,1376,-4.845704826556485,37.08287036609788
User07,humidity,73,1,50.0517723880597,39.594997800649516,2144,10.817259421968338,37.08287036609788
User07,humidity,74,1,42.401591895803186,39.247781647846885,1382,3.1670789297118205,37.08287036609788
User07,humidity,75,1,43.264497878359265,38.87036495506584,1414,4.029984912267899,37.08287036609788
User07,humidity,76,1,42.79177119919719,39.461541904221676,1993,3.557258233105827,37.08287036609788
User07,humidity,77,1,29.72976300400123,36.931434336995395,3249,-9.504749962090134,37.08287036609788
User07,humidity,78,1,29.464350180505416,36.62485452319425,2216,-9.77016278558595,37.08287036609788
User07,humidity,79,1,38.52704678362573,35.853771315269434,1368,-0.7074661824656374,37.08287036609788
User07,humidity,80,1,32.34101941747573,34.20959838772723,824,-6.893493548615638,37.08287036609788
User07,humidity,81,1,40.25553319919517,36.25798171139538,994,1.0210202331038047,37.08287036609788
User07,humidity,82,1,37.86691542288557,38.07148981169333,804,-1.3675975432057967,37.08287036609788
User07,humidity,83,1,31.282560706401767,38.97564405434872,906,-7.951952259689598,37.08287036609788
User07,humidity,84,1,44.068446269678304,41.108507319146796,1461,4.833933303586939,37.08287036609788
User07,humidity,85,1,42.15890688259109,43.2364073383094,988,2.9243939164997244,37.08287036609788
User07,humidity,86,1,44.85612648221344,45.3446013814663,1265,5.621613516122075,37.08287036609788
User07,humidity,87,1,47.27106227106227,47.51428847631895,819,8.036549304970904,37.08287036609788
User07,humidity,88,1,55.15083333333333,48.68513533713315,1200,15.916320367241966,37.08287036609788
User07,humidity,89,1,52.62427372498386,50.24304050074706,1549,13.389760758892493,37.08287036609788
User07,humidity,90,1,46.47037037037037,51.85928341407589,810,7.2358574042790025,37.08287036609788
User07,humidity,91,1,52.26437429537768,52.466222162188906,1774,13.029861329286312,37.08287036609788
User07,humidity,92,1,53.064243027888445,52.135463480075295,2008,13.829730061797079,37.08287036609788
User07,humidity,93,1,56.16982687551525,52.32223246835964,1213,16.935313909423883,37.08287036609788
User07,humidity,94,1,51.519633507853406,52.52118338972435,764,12.28512054176204,37.08287036609788
User07,humidity,95,1,52.83552255853798,52.27358851768222,1751,13.601009592446616,37.08287036609788
User07,humidity,96,1,53.9316566429743,52.43839918163313,1829,14.697143676882938,37.08287036609788
User07,humidity,97,1,47.86302681992337,51.547569150272345,1044,8.628513853832004,37.08287036609788
User07,humidity,98,1,50.5312101910828,51.5522250906755,785,11.296697224991433,37.08287036609788
User07,humidity,99,1,54.2179176755448,51.29556559710301,2065,14.983404709453431,37.08287036609788
User07,humidity,100,1,49.93401665598975,50.63654283563518,1561,10.699503689898386,37.08287036609788
