subject_id,target,predictor,predictor_name,seed,mae,mae_seed_sd,rmse,bias,err_sd,target_sd,R,n_windows,n_nights
User01,temperature,C,raw_tcn_base,mean,3.0923339435499746,0.2554268871522685,3.7599438963115657,1.9026926981463343,3.2424755966713277,1.7745063237281102,1.82725502485622,265852,136
User01,temperature,B,adaptation_target_mean,,1.870824675575304,,2.27411276937324,1.422222273371984,1.7745063237281105,1.7745063237281102,1.0000000000000002,265852,136
User01,temperature,B,adaptation_target_mean,,1.870824675575304,,2.27411276937324,1.422222273371984,1.7745063237281105,1.7745063237281102,1.0000000000000002,265852,136
User01,temperature,E,full_fine_tuning,0,1.7116959553467817,,2.0811377201902577,1.1132614060977635,1.7583467383004792,1.7745063237281102,0.9908934754350828,265852,136
User01,temperature,E,full_fine_tuning,1,1.8080890003611516,,2.1965460533956476,1.269098534476052,1.792819978268519,1.7745063237281102,1.0103204222467537,265852,136
User01,temperature,E,full_fine_tuning,2,1.739556205288495,,2.113098941759874,1.1728618664244004,1.7577207343472316,1.7745063237281102,0.9905406990347528,265852,136
User01,temperature,E,full_fine_tuning,mean,1.7531137203321425,0.049606042398125653,2.1302609051152595,1.185073935666072,1.76962915030541,1.7745063237281102,0.9972515322388631,265852,136
User01,temperature,S,scratch_initialization_control,0,1.7689328863158995,,2.1448027049123364,1.2197980130643433,1.7641631019618214,1.7745063237281102,0.9941712116615293,265852,136
User01,temperature,S,scratch_initialization_control,1,1.7908058920733234,,2.1720398492325463,1.2724095796519361,1.7603212684803096,1.7745063237281102,0.9920061962822432,265852,136
User01,temperature,S,scratch_initialization_control,2,1.7798105461329075,,2.1547910786608595,1.2581662273369763,1.7493262523226105,1.7745063237281102,0.985810097676858,265852,136
User01,temperature,S,scratch_initialization_control,mean,1.77984977484071,0.010936555645389992,2.1572112109352473,1.2501246066844185,1.7579368742549137,1.7745063237281102,0.9906625018735435,265852,136
User01,humidity,C,raw_tcn_base,mean,20.679409168036404,1.3384972104773045,23.587964308657536,20.437775539327763,11.776224219012528,8.584458606475415,1.3718074439929744,265852,136
User01,humidity,B,adaptation_target_mean,,19.094125299780526,,20.89804228526208,19.05348371795331,8.584458606475414,8.584458606475415,0.9999999999999998,265852,136
User01,humidity,B,adaptation_target_mean,,19.094125299780526,,20.89804228526208,19.05348371795331,8.584458606475414,8.584458606475415,0.9999999999999998,265852,136
User01,humidity,E,full_fine_tuning,0,15.786125678465487,,19.044896228737795,15.189618698706337,11.48840964412838,8.584458606475415,1.3382800442956835,265852,136
User01,humidity,E,full_fine_tuning,1,16.515323596853243,,19.435739087339467,16.15697050928776,10.802789354289045,8.584458606475415,1.2584124229034435,265852,136
User01,humidity,E,full_fine_tuning,2,15.78284313086788,,19.040774101684192,15.005017912334242,11.72179661322853,8.584458606475415,1.365467194912742,265852,136
User01,humidity,E,full_fine_tuning,mean,16.02809746872887,0.4219533963899137,19.173803139253817,15.450535706776114,11.337665203881985,8.584458606475415,1.320719887370623,265852,136
User01,humidity,S,scratch_initialization_control,0,15.889639143219139,,18.98790636891007,15.432831863558558,11.06202011142754,8.584458606475415,1.2886101056021464,265852,136
User01,humidity,S,scratch_initialization_control,1,15.407136965636143,,18.585535070563818,14.82154407002788,11.213560774320484,8.584458606475415,1.3062630141709681,265852,136
User01,humidity,S,scratch_initialization_control,2,15.980597813404904,,19.131577886162358,15.48196044748463,11.2394916751968,8.584458606475415,1.309283693990748,265852,136
User01,humidity,S,scratch_initialization_control,mean,15.759124640753397,0.3082042545071805,18.901673108545413,15.245445460357024,11.171690853648274,8.584458606475415,1.3013856045879544,265852,136
User02,temperature,C,raw_tcn_base,mean,5.060396071292392,0.06784890680775464,5.3890008227604325,-5.060396071292392,1.852900242357028,1.7066896776370382,1.0856690976899928,95839,36
User02,temperature,B,adaptation_target_mean,,1.4857309605818627,,1.9192358190410976,-0.877881810574485,1.7066896776370384,1.7066896776370382,1.0000000000000002,95839,36
User02,temperature,B,adaptation_target_mean,,1.4857309605818627,,1.9192358190410976,-0.877881810574485,1.7066896776370384,1.7066896776370382,1.0000000000000002,95839,36
User02,temperature,E,full_fine_tuning,0,1.5226666791438146,,2.003643109856889,-1.193293720100571,1.6095452181425427,1.7066896776370382,0.9430801857142566,95839,36
User02,temperature,E,full_fine_tuning,1,1.5410766037352455,,2.031401584927107,-1.2138547015680259,1.6288490300594347,1.7066896776370382,0.9543908605075903,95839,36
User02,temperature,E,full_fine_tuning,2,1.5874599250980341,,2.0722897027855236,-1.2286099336422696,1.6688026375897338,1.7066896776370382,0.9778008617830513,95839,36
User02,temperature,E,full_fine_tuning,mean,1.550401069325698,0.033387878402672544,2.0357781325231734,-1.211919451770289,1.6357322952639037,1.7066896776370382,0.958423969334966,95839,36
User02,temperature,S,scratch_initialization_control,0,1.5131779556067952,,1.9950405698063478,-1.2117556790756072,1.584876982418904,1.7066896776370382,0.9286263362260517,95839,36
User02,temperature,S,scratch_initialization_control,1,1.6064926536474589,,2.1046156748376297,-1.3473285166560287,1.6168218847410851,1.7066896776370382,0.9473438000630685,95839,36
User02,temperature,S,scratch_initialization_control,2,1.578390981315206,,2.0702650221245844,-1.311703251171544,1.6016965513787274,1.7066896776370382,0.938481419537454,95839,36
User02,temperature,S,scratch_initialization_control,mean,1.56602053018982,0.047871486956112284,2.056640422256187,-1.29026248230106,1.6011318061795723,1.7066896776370382,0.938150518608858,95839,36
User02,humidity,C,raw_tcn_base,mean,21.984249528121513,0.500287684304658,26.138611870817765,-21.363635863272275,15.058506788777612,13.7608511676816,1.0943005345587673,95839,36
User02,humidity,B,adaptation_target_mean,,13.423178270849409,,16.23222313431847,8.609532102455958,13.7608511676816,13.7608511676816,1.0,95839,36
User02,humidity,B,adaptation_target_mean,,13.423178270849409,,16.23222313431847,8.609532102455958,13.7608511676816,13.7608511676816,1.0,95839,36
User02,humidity,E,full_fine_tuning,0,12.075163270105271,,14.907534010651554,6.401734711607257,13.462999775716243,13.7608511676816,0.9783551621672296,95839,36
User02,humidity,E,full_fine_tuning,1,12.40276466484662,,15.196545996607838,6.733922635829467,13.623116242684022,13.7608511676816,0.9899908135536659,95839,36
User02,humidity,E,full_fine_tuning,2,12.225079376383027,,15.046708384380677,6.158740960760746,13.728559392115386,13.7608511676816,0.9976533591437967,95839,36
User02,humidity,E,full_fine_tuning,mean,12.234335770444973,0.16399673497479067,15.050262797213357,6.4314661027324895,13.604891803505216,13.7608511676816,0.9886664449548973,95839,36
User02,humidity,S,scratch_initialization_control,0,11.877076928382701,,14.625989727690353,5.921778407301518,13.373560334081617,13.7608511676816,0.9718556047964848,95839,36
User02,humidity,S,scratch_initialization_control,1,11.3946222723021,,14.054570194912966,4.438343404348216,13.335368430936379,13.7608511676816,0.9690802021211813,95839,36
User02,humidity,S,scratch_initialization_control,2,11.381332949712757,,14.063761647988791,4.500051633892918,13.324373418053776,13.7608511676816,0.9682811953774396,95839,36
User02,humidity,S,scratch_initialization_control,mean,11.551010716799185,0.2824597887771643,14.248107190197368,4.953391148514217,13.344434061023923,13.7608511676816,0.9697390007650353,95839,36
User07,temperature,C,raw_tcn_base,mean,1.8916833222862142,0.16274091922947834,2.3735085960035067,1.1261350598576405,2.0693312203394583,1.8129135262826535,1.1414395614238613,114838,85
User07,temperature,B,adaptation_target_mean,,2.326238950647099,,2.7704782048660532,-2.0949687419766487,1.8129135262826537,1.8129135262826535,1.0000000000000002,114838,85
User07,temperature,B,adaptation_target_mean,,2.326238950647099,,2.7704782048660532,-2.0949687419766487,1.8129135262826537,1.8129135262826535,1.0000000000000002,114838,85
User07,temperature,E,full_fine_tuning,0,2.3700851062857415,,2.835600859266719,-2.1455506961654613,1.8539807019648453,1.8129135262826535,1.0226525838584255,114838,85
User07,temperature,E,full_fine_tuning,1,2.3555002854855314,,2.8204933836930333,-2.1237288961130054,1.8560599406459946,1.8129135262826535,1.0237994883582848,114838,85
User07,temperature,E,full_fine_tuning,2,2.367409231133333,,2.8348505011832295,-2.1456731483036116,1.85269104405124,1.8129135262826535,1.0219412107593182,114838,85
User07,temperature,E,full_fine_tuning,mean,2.3643315409682018,0.007764237374524842,2.8303149147143274,-2.1383175801940264,1.8542438955540266,1.8129135262826535,1.0227977609920096,114838,85
User07,temperature,S,scratch_initialization_control,0,2.3704269258436153,,2.8364249867171285,-2.1489598856808927,1.8512909320276016,1.8129135262826535,1.021168911362055,114838,85
User07,temperature,S,scratch_initialization_control,1,2.322638114215958,,2.7795400513672712,-2.075218031913511,1.8491384526789187,1.8129135262826535,1.0199816074352668,114838,85
User07,temperature,S,scratch_initialization_control,2,2.390661548108788,,2.858178871310329,-2.1828491831508936,1.845089673707557,1.8129135262826535,1.0177483078803433,114838,85
User07,temperature,S,scratch_initialization_control,mean,2.36124219605612,0.03492944797151852,2.8247146364649094,-2.135675700248432,1.8485063528046926,1.8129135262826535,1.0196329422258883,114838,85
User07,humidity,C,raw_tcn_base,mean,10.247411370441306,0.30463557184588186,12.58725878804916,3.7013212758999514,11.939780626102783,9.736595754255333,1.2262787659521097,114838,85
User07,humidity,B,adaptation_target_mean,,8.28540733079049,,9.744916841618029,0.4026255931603458,9.736595754255333,9.736595754255333,1.0,114838,85
User07,humidity,B,adaptation_target_mean,,8.28540733079049,,9.744916841618029,0.4026255931603458,9.736595754255333,9.736595754255333,1.0,114838,85
User07,humidity,E,full_fine_tuning,0,8.262391425874716,,9.712740241020402,0.53616243774828,9.69793033744236,9.736595754255333,0.9960288567186252,114838,85
User07,humidity,E,full_fine_tuning,1,8.27668847448586,,9.73244732404373,0.8119817552558691,9.698516203235293,9.736595754255333,0.996089028241375,114838,85
User07,humidity,E,full_fine_tuning,2,8.286771727695735,,9.74374599444042,0.6887398587660117,9.719373612076073,9.736595754255333,0.9982311946994684,114838,85
User07,humidity,E,full_fine_tuning,mean,8.27528387601877,0.012250691893166918,9.729644519834851,0.6789613505900536,9.70527338425124,9.736595754255333,0.9967830265531562,114838,85
User07,humidity,S,scratch_initialization_control,0,8.279459974532147,,9.721281571690836,0.49901968892708903,9.708465107634625,9.736595754255333,0.9971108334647236,114838,85
User07,humidity,S,scratch_initialization_control,1,8.264629810205488,,9.702987222273808,0.28795838465451995,9.698713368499758,9.736595754255333,0.9961092781592562,114838,85
User07,humidity,S,scratch_initialization_control,2,8.282389275947079,,9.725272332099552,0.602040453599317,9.706619866139345,9.736595754255333,0.996921317381089,114838,85
User07,humidity,S,scratch_initialization_control,mean,8.275493020228238,0.009521144925567597,9.716513708688064,0.4630061757269754,9.704599447424576,9.736595754255333,0.9967138096683562,114838,85
